bMGEnEr,bMGEnPm,bMGEnRabA,bMGEnRabB,bMGEnRabC,bMGEnRabD,bMGEnRabE,bMGEnRabF,bMGEnRabG,bMGEnRabH,bMGEnRabI,cMHCIEnEr,cMHCIEnPm,cMHCIEnRabA,cMHCIEnRabB,cMHCIEnRabC,cMHCIEnRabD,cMHCIEnRabE,cMHCIEnRabF,cMHCIEnRabG,cMHCIEnRabH,cMHCIEnRabI,exCxEnEr,exCxEnPm,exCxEnRabA,exCxEnRabB,exCxEnRabC,exCxEnRabD,exCxEnRabE,exCxEnRabF,exCxEnRabG,exCxEnRabH,exCxEnRabI,imCxEnEr,imCxEnPm,imCxEnRabA,imCxEnRabB,imCxEnRabC,imCxEnRabD,imCxEnRabE,imCxEnRabF,imCxEnRabG,imCxEnRabH,imCxEnRabI,loCxEnEr,loCxEnPm,loCxEnRabA,loCxEnRabB,loCxEnRabC,loCxEnRabD,loCxEnRabE,loCxEnRabF,loCxEnRabG,loCxEnRabH,loCxEnRabI,lyEnzEnEr,lyEnzEnPm,lyEnzEnRabA,lyEnzEnRabB,lyEnzEnRabC,lyEnzEnRabD,lyEnzEnRabE,lyEnzEnRabF,lyEnzEnRabG,lyEnzEnRabH,lyEnzEnRabI,membraneMarkerEr,membraneMarkerPm,membraneMarkerRabA,membraneMarkerRabB,membraneMarkerRabC,membraneMarkerRabD,membraneMarkerRabE,membraneMarkerRabF,membraneMarkerRabG,membraneMarkerRabH,membraneMarkerRabI,mvbEr,mvbPm,mvbRabA,mvbRabB,mvbRabC,mvbRabD,mvbRabE,mvbRabF,mvbRabG,mvbRabH,mvbRabI,NOXEnEr,NOXEnPm,NOXEnRabA,NOXEnRabB,NOXEnRabC,NOXEnRabD,NOXEnRabE,NOXEnRabF,NOXEnRabG,NOXEnRabH,NOXEnRabI,oMHCIEnEr,oMHCIEnPm,oMHCIEnRabA,oMHCIEnRabB,oMHCIEnRabC,oMHCIEnRabD,oMHCIEnRabE,oMHCIEnRabF,oMHCIEnRabG,oMHCIEnRabH,oMHCIEnRabI,ovaCyCy,ovaEnEr,ovaEnPm,ovaEnRabA,ovaEnRabB,ovaEnRabC,ovaEnRabD,ovaEnRabE,ovaEnRabF,ovaEnRabG,ovaEnRabH,ovaEnRabI,pepCyCy,pepEnEr,pepEnPm,pepEnRabA,pepEnRabB,pepEnRabC,pepEnRabD,pepEnRabE,pepEnRabF,pepEnRabG,pepEnRabH,pepEnRabI,pepMHCIEnEr,pepMHCIEnPm,pepMHCIEnRabA,pepMHCIEnRabB,pepMHCIEnRabC,pepMHCIEnRabD,pepMHCIEnRabE,pepMHCIEnRabF,pepMHCIEnRabG,pepMHCIEnRabH,pepMHCIEnRabI,protonCyCy,protonEnEr,protonEnPm,protonEnRabA,protonEnRabB,protonEnRabC,protonEnRabD,protonEnRabE,protonEnRabF,protonEnRabG,protonEnRabH,protonEnRabI,TfEr,TfPm,TfRabA,TfRabB,TfRabC,TfRabD,TfRabE,TfRabF,TfRabG,TfRabH,TfRabI,vATPaseEnEr,vATPaseEnPm,vATPaseEnRabA,vATPaseEnRabB,vATPaseEnRabC,vATPaseEnRabD,vATPaseEnRabE,vATPaseEnRabF,vATPaseEnRabG,vATPaseEnRabH,vATPaseEnRabI,
0.0,9.83,14.49,8.684,12.0,69.19,2.471,8.602,1.344,2.791,48.32,239300.0,222.1,19.34,182.1,613.0,0.6069,2.041,23.06,4.368,1.422,99.3,2393000.0,12.32,132.0,1671.0,75.35,15.57,7.729,44.62,9.576,9.188,4883.0,2393000.0,12.32,132.0,1671.0,75.35,15.57,7.729,44.62,9.576,9.188,4883.0,2393000.0,12.32,154.4,1087.0,60.18,179.7,15.42,188.8,74.32,71.65,5779.0,0.0,5.593E7,5.831E7,2.289E7,2.541E7,2.3719999999999997E8,1.002E7,2.062E7,5681000.0,1.027E7,1.0629999999999999E8,0.0,0.0,0.0,0.0,0.0,0.0,0.0,0.0,0.0,0.0,0.0,0.0,0.0,246.1,23.6,25.24,385.0,7.908,500.6,10.51,13.8,187.2,0.0,3.967,4298.0,62.43,92.26,608.7,11.11,14.14,10.02,13.35,137.5,0.0,32.86,41.33,1.995,34.6,0.2399,0.302,0.5339,0.008571,0.00342,0.6804,0.0,0.0,0.0,0.0,0.0,0.0,0.0,0.0,0.0,0.0,0.0,0.0,0.0,0.0,0.01094,0.8367,0.03752,0.06995,0.002543,5.411E-4,6.855E-4,1.864E-5,2.411E-5,0.01186,0.0,0.0,48.56,15.14,8.113,0.02293,0.07441,0.1207,7.004E-5,1.192E-4,0.04594,9.709E-5,0.0,18610.0,4723.0,4051.0,7442.0,246.9,187.8,997.1,82.51,27.1,3531.0,0.0,31730.0,8248.0,15050.0,8165.0,320.3,182.2,145.6,12.51,22.42,674.9,0.0,0.0,97.21,7.32,10.21,85.96,2.634,237.3,3.382,4.588,47.0,
bMGEnEr,bMGEnPm,bMGEnRabA,bMGEnRabB,bMGEnRabC,bMGEnRabD,bMGEnRabE,bMGEnRabF,bMGEnRabG,bMGEnRabH,bMGEnRabI,cMHCIEnEr,cMHCIEnPm,cMHCIEnRabA,cMHCIEnRabB,cMHCIEnRabC,cMHCIEnRabD,cMHCIEnRabE,cMHCIEnRabF,cMHCIEnRabG,cMHCIEnRabH,cMHCIEnRabI,exCxEnEr,exCxEnPm,exCxEnRabA,exCxEnRabB,exCxEnRabC,exCxEnRabD,exCxEnRabE,exCxEnRabF,exCxEnRabG,exCxEnRabH,exCxEnRabI,imCxEnEr,imCxEnPm,imCxEnRabA,imCxEnRabB,imCxEnRabC,imCxEnRabD,imCxEnRabE,imCxEnRabF,imCxEnRabG,imCxEnRabH,imCxEnRabI,loCxEnEr,loCxEnPm,loCxEnRabA,loCxEnRabB,loCxEnRabC,loCxEnRabD,loCxEnRabE,loCxEnRabF,loCxEnRabG,loCxEnRabH,loCxEnRabI,lyEnzEnEr,lyEnzEnPm,lyEnzEnRabA,lyEnzEnRabB,lyEnzEnRabC,lyEnzEnRabD,lyEnzEnRabE,lyEnzEnRabF,lyEnzEnRabG,lyEnzEnRabH,lyEnzEnRabI,membraneMarkerEr,membraneMarkerPm,membraneMarkerRabA,membraneMarkerRabB,membraneMarkerRabC,membraneMarkerRabD,membraneMarkerRabE,membraneMarkerRabF,membraneMarkerRabG,membraneMarkerRabH,membraneMarkerRabI,mvbEr,mvbPm,mvbRabA,mvbRabB,mvbRabC,mvbRabD,mvbRabE,mvbRabF,mvbRabG,mvbRabH,mvbRabI,NOXEnEr,NOXEnPm,NOXEnRabA,NOXEnRabB,NOXEnRabC,NOXEnRabD,NOXEnRabE,NOXEnRabF,NOXEnRabG,NOXEnRabH,NOXEnRabI,oMHCIEnEr,oMHCIEnPm,oMHCIEnRabA,oMHCIEnRabB,oMHCIEnRabC,oMHCIEnRabD,oMHCIEnRabE,oMHCIEnRabF,oMHCIEnRabG,oMHCIEnRabH,oMHCIEnRabI,ovaCyCy,ovaEnEr,ovaEnPm,ovaEnRabA,ovaEnRabB,ovaEnRabC,ovaEnRabD,ovaEnRabE,ovaEnRabF,ovaEnRabG,ovaEnRabH,ovaEnRabI,pepCyCy,pepEnEr,pepEnPm,pepEnRabA,pepEnRabB,pepEnRabC,pepEnRabD,pepEnRabE,pepEnRabF,pepEnRabG,pepEnRabH,pepEnRabI,pepMHCIEnEr,pepMHCIEnPm,pepMHCIEnRabA,pepMHCIEnRabB,pepMHCIEnRabC,pepMHCIEnRabD,pepMHCIEnRabE,pepMHCIEnRabF,pepMHCIEnRabG,pepMHCIEnRabH,pepMHCIEnRabI,protonCyCy,protonEnEr,protonEnPm,protonEnRabA,protonEnRabB,protonEnRabC,protonEnRabD,protonEnRabE,protonEnRabF,protonEnRabG,protonEnRabH,protonEnRabI,TfEr,TfPm,TfRabA,TfRabB,TfRabC,TfRabD,TfRabE,TfRabF,TfRabG,TfRabH,TfRabI,vATPaseEnEr,vATPaseEnPm,vATPaseEnRabA,vATPaseEnRabB,vATPaseEnRabC,vATPaseEnRabD,vATPaseEnRabE,vATPaseEnRabF,vATPaseEnRabG,vATPaseEnRabH,vATPaseEnRabI,
0.0,9.83,14.81,7.628,13.19,66.46,2.25,9.001,1.344,2.792,49.8,239300.0,222.1,38.65,141.2,86.85,1.02,1.005,11.76,4.322,1.413,92.13,2393000.0,12.32,138.3,1675.0,44.32,15.01,5.648,40.37,9.534,9.138,6816.0,2393000.0,12.32,138.3,1675.0,44.32,15.01,5.648,40.37,9.534,9.138,6816.0,2393000.0,12.32,173.4,1071.0,89.09,185.2,16.85,192.4,74.33,71.67,5734.0,0.0,5.593E7,5.909E7,2.186E7,2.485E7,2.3679999999999997E8,7628000.0,2.063E7,5683000.0,1.027E7,1.0669999999999999E8,0.0,0.0,0.0,0.0,0.0,0.0,0.0,0.0,0.0,0.0,0.0,0.0,0.0,246.6,22.93,27.64,378.8,8.232,500.7,10.54,13.84,189.3,0.0,3.967,4237.0,78.78,107.2,586.9,12.31,18.0,10.02,13.35,152.0,0.0,32.86,23.25,34.99,547.2,0.07912,0.006371,8.236,0.0447,2.501E-13,48.06,0.0,0.0,0.0,0.0,0.0,0.0,0.0,0.0,0.0,0.0,0.0,0.0,0.0,0.0,0.01094,1.968,0.1037,0.1862,0.001423,2.379E-4,7.806E-5,1.844E-5,2.389E-5,0.06192,0.0,0.0,46.75,16.0,6.898,0.02164,0.01793,0.00433,6.818E-5,1.171E-4,0.07683,9.59E-5,0.0,18610.0,4704.0,4219.0,6876.0,252.3,131.5,1328.0,86.6,32.33,3441.0,0.0,31730.0,8388.0,14890.0,7637.0,331.0,174.2,132.1,12.51,22.43,770.0,0.0,0.0,96.76,6.981,10.69,84.81,2.72,237.3,3.413,4.628,47.65,
bMGEnEr,bMGEnPm,bMGEnRabA,bMGEnRabB,bMGEnRabC,bMGEnRabD,bMGEnRabE,bMGEnRabF,bMGEnRabG,bMGEnRabH,bMGEnRabI,cMHCIEnEr,cMHCIEnPm,cMHCIEnRabA,cMHCIEnRabB,cMHCIEnRabC,cMHCIEnRabD,cMHCIEnRabE,cMHCIEnRabF,cMHCIEnRabG,cMHCIEnRabH,cMHCIEnRabI,exCxEnEr,exCxEnPm,exCxEnRabA,exCxEnRabB,exCxEnRabC,exCxEnRabD,exCxEnRabE,exCxEnRabF,exCxEnRabG,exCxEnRabH,exCxEnRabI,imCxEnEr,imCxEnPm,imCxEnRabA,imCxEnRabB,imCxEnRabC,imCxEnRabD,imCxEnRabE,imCxEnRabF,imCxEnRabG,imCxEnRabH,imCxEnRabI,loCxEnEr,loCxEnPm,loCxEnRabA,loCxEnRabB,loCxEnRabC,loCxEnRabD,loCxEnRabE,loCxEnRabF,loCxEnRabG,loCxEnRabH,loCxEnRabI,lyEnzEnEr,lyEnzEnPm,lyEnzEnRabA,lyEnzEnRabB,lyEnzEnRabC,lyEnzEnRabD,lyEnzEnRabE,lyEnzEnRabF,lyEnzEnRabG,lyEnzEnRabH,lyEnzEnRabI,membraneMarkerEr,membraneMarkerPm,membraneMarkerRabA,membraneMarkerRabB,membraneMarkerRabC,membraneMarkerRabD,membraneMarkerRabE,membraneMarkerRabF,membraneMarkerRabG,membraneMarkerRabH,membraneMarkerRabI,mvbEr,mvbPm,mvbRabA,mvbRabB,mvbRabC,mvbRabD,mvbRabE,mvbRabF,mvbRabG,mvbRabH,mvbRabI,NOXEnEr,NOXEnPm,NOXEnRabA,NOXEnRabB,NOXEnRabC,NOXEnRabD,NOXEnRabE,NOXEnRabF,NOXEnRabG,NOXEnRabH,NOXEnRabI,oMHCIEnEr,oMHCIEnPm,oMHCIEnRabA,oMHCIEnRabB,oMHCIEnRabC,oMHCIEnRabD,oMHCIEnRabE,oMHCIEnRabF,oMHCIEnRabG,oMHCIEnRabH,oMHCIEnRabI,ovaCyCy,ovaEnEr,ovaEnPm,ovaEnRabA,ovaEnRabB,ovaEnRabC,ovaEnRabD,ovaEnRabE,ovaEnRabF,ovaEnRabG,ovaEnRabH,ovaEnRabI,pepCyCy,pepEnEr,pepEnPm,pepEnRabA,pepEnRabB,pepEnRabC,pepEnRabD,pepEnRabE,pepEnRabF,pepEnRabG,pepEnRabH,pepEnRabI,pepMHCIEnEr,pepMHCIEnPm,pepMHCIEnRabA,pepMHCIEnRabB,pepMHCIEnRabC,pepMHCIEnRabD,pepMHCIEnRabE,pepMHCIEnRabF,pepMHCIEnRabG,pepMHCIEnRabH,pepMHCIEnRabI,protonCyCy,protonEnEr,protonEnPm,protonEnRabA,protonEnRabB,protonEnRabC,protonEnRabD,protonEnRabE,protonEnRabF,protonEnRabG,protonEnRabH,protonEnRabI,TfEr,TfPm,TfRabA,TfRabB,TfRabC,TfRabD,TfRabE,TfRabF,TfRabG,TfRabH,TfRabI,vATPaseEnEr,vATPaseEnPm,vATPaseEnRabA,vATPaseEnRabB,vATPaseEnRabC,vATPaseEnRabD,vATPaseEnRabE,vATPaseEnRabF,vATPaseEnRabG,vATPaseEnRabH,vATPaseEnRabI,
0.0,9.847,14.63,7.494,11.18,67.34,2.467,9.223,1.349,2.798,50.76,239300.0,222.2,38.05,141.5,85.4,0.6538,0.9479,11.67,4.321,1.412,156.6,2393000.0,11.21,130.9,1676.0,39.85,13.14,4.149,39.83,9.508,9.11,7671.0,2393000.0,11.21,130.9,1676.0,39.85,13.14,4.149,39.83,9.508,9.11,7671.0,2393000.0,11.26,163.1,1085.0,50.32,199.0,33.41,199.3,75.07,72.49,5731.0,0.0,5.601E7,5.911E7,2.167E7,2.365E7,2.3739999999999997E8,8021000.0,2.083E7,5701000.0,1.029E7,1.0679999999999999E8,0.0,0.0,0.0,0.0,0.0,0.0,0.0,0.0,0.0,0.0,0.0,0.0,0.0,247.2,22.83,21.64,381.3,8.501,501.2,10.54,13.84,192.5,0.0,3.629,4292.0,64.43,70.53,593.3,13.07,19.43,10.03,13.35,160.1,0.0,32.65,24.39,35.04,547.1,0.01972,0.006292,8.223,0.0447,1.581E-13,0.8358,0.0,0.0,0.0,0.0,0.0,0.0,0.0,0.0,0.0,0.0,0.0,0.0,0.0,0.0,0.01099,2.957,0.1773,0.2297,0.001295,2.242E-4,5.443E-5,1.834E-5,2.375E-5,0.07686,0.0,0.04621,45.28,15.94,6.765,0.002908,0.01585,1.598E-4,6.603E-5,1.147E-4,0.05844,9.56E-5,0.0,18620.0,5329.0,4244.0,7406.0,252.5,253.3,1322.0,86.3,31.99,3861.0,0.0,31710.0,8315.0,15010.0,7911.0,206.2,160.1,104.5,12.52,22.43,611.8,0.0,0.0,96.65,6.943,8.982,85.53,2.797,237.5,3.413,4.628,48.56,
bMGEnEr,bMGEnPm,bMGEnRabA,bMGEnRabB,bMGEnRabC,bMGEnRabD,bMGEnRabE,bMGEnRabF,bMGEnRabG,bMGEnRabH,bMGEnRabI,cMHCIEnEr,cMHCIEnPm,cMHCIEnRabA,cMHCIEnRabB,cMHCIEnRabC,cMHCIEnRabD,cMHCIEnRabE,cMHCIEnRabF,cMHCIEnRabG,cMHCIEnRabH,cMHCIEnRabI,exCxEnEr,exCxEnPm,exCxEnRabA,exCxEnRabB,exCxEnRabC,exCxEnRabD,exCxEnRabE,exCxEnRabF,exCxEnRabG,exCxEnRabH,exCxEnRabI,imCxEnEr,imCxEnPm,imCxEnRabA,imCxEnRabB,imCxEnRabC,imCxEnRabD,imCxEnRabE,imCxEnRabF,imCxEnRabG,imCxEnRabH,imCxEnRabI,loCxEnEr,loCxEnPm,loCxEnRabA,loCxEnRabB,loCxEnRabC,loCxEnRabD,loCxEnRabE,loCxEnRabF,loCxEnRabG,loCxEnRabH,loCxEnRabI,lyEnzEnEr,lyEnzEnPm,lyEnzEnRabA,lyEnzEnRabB,lyEnzEnRabC,lyEnzEnRabD,lyEnzEnRabE,lyEnzEnRabF,lyEnzEnRabG,lyEnzEnRabH,lyEnzEnRabI,membraneMarkerEr,membraneMarkerPm,membraneMarkerRabA,membraneMarkerRabB,membraneMarkerRabC,membraneMarkerRabD,membraneMarkerRabE,membraneMarkerRabF,membraneMarkerRabG,membraneMarkerRabH,membraneMarkerRabI,mvbEr,mvbPm,mvbRabA,mvbRabB,mvbRabC,mvbRabD,mvbRabE,mvbRabF,mvbRabG,mvbRabH,mvbRabI,NOXEnEr,NOXEnPm,NOXEnRabA,NOXEnRabB,NOXEnRabC,NOXEnRabD,NOXEnRabE,NOXEnRabF,NOXEnRabG,NOXEnRabH,NOXEnRabI,oMHCIEnEr,oMHCIEnPm,oMHCIEnRabA,oMHCIEnRabB,oMHCIEnRabC,oMHCIEnRabD,oMHCIEnRabE,oMHCIEnRabF,oMHCIEnRabG,oMHCIEnRabH,oMHCIEnRabI,ovaCyCy,ovaEnEr,ovaEnPm,ovaEnRabA,ovaEnRabB,ovaEnRabC,ovaEnRabD,ovaEnRabE,ovaEnRabF,ovaEnRabG,ovaEnRabH,ovaEnRabI,pepCyCy,pepEnEr,pepEnPm,pepEnRabA,pepEnRabB,pepEnRabC,pepEnRabD,pepEnRabE,pepEnRabF,pepEnRabG,pepEnRabH,pepEnRabI,pepMHCIEnEr,pepMHCIEnPm,pepMHCIEnRabA,pepMHCIEnRabB,pepMHCIEnRabC,pepMHCIEnRabD,pepMHCIEnRabE,pepMHCIEnRabF,pepMHCIEnRabG,pepMHCIEnRabH,pepMHCIEnRabI,protonCyCy,protonEnEr,protonEnPm,protonEnRabA,protonEnRabB,protonEnRabC,protonEnRabD,protonEnRabE,protonEnRabF,protonEnRabG,protonEnRabH,protonEnRabI,TfEr,TfPm,TfRabA,TfRabB,TfRabC,TfRabD,TfRabE,TfRabF,TfRabG,TfRabH,TfRabI,vATPaseEnEr,vATPaseEnPm,vATPaseEnRabA,vATPaseEnRabB,vATPaseEnRabC,vATPaseEnRabD,vATPaseEnRabE,vATPaseEnRabF,vATPaseEnRabG,vATPaseEnRabH,vATPaseEnRabI,
0.0,9.847,14.66,7.515,11.23,67.63,2.498,9.286,1.349,2.827,50.26,239300.0,222.2,38.25,138.9,88.06,0.6525,0.9479,11.67,4.321,1.338,166.5,2393000.0,11.21,99.6,1742.0,40.33,13.13,4.149,39.83,9.508,6.934,7573.0,2393000.0,11.21,99.6,1742.0,40.33,13.13,4.149,39.83,9.508,6.934,7573.0,2393000.0,11.26,173.5,1073.0,50.44,193.5,32.84,198.2,75.07,73.11,5791.0,0.0,5.601E7,5.903E7,2.165E7,2.381E7,2.3749999999999997E8,8038000.0,2.087E7,5701000.0,1.045E7,1.0639999999999999E8,0.0,0.0,0.0,0.0,0.0,0.0,0.0,0.0,0.0,0.0,0.0,0.0,0.0,246.6,23.66,21.69,383.0,8.59,501.4,10.55,13.86,191.3,0.0,3.629,4270.0,87.12,70.79,589.3,13.36,20.12,9.88,13.23,154.4,0.0,32.65,6.701,34.3,547.2,0.01972,0.006292,8.223,0.0447,2.966E-12,24.79,0.0,0.0,0.0,0.0,0.0,0.0,0.0,0.0,0.0,0.0,0.0,0.0,0.0,0.0,0.01099,1.064,0.234,0.2393,0.001295,2.242E-4,5.71E-5,1.835E-5,2.345E-5,0.07852,0.0,0.04621,34.59,16.91,7.013,0.002885,0.01585,1.569E-4,6.558E-5,1.042E-4,0.05507,9.509E-5,0.0,18630.0,3852.0,4084.0,7179.0,267.7,254.9,1325.0,86.3,37.69,4721.0,0.0,31710.0,8256.0,14930.0,8055.0,209.1,160.5,105.3,12.51,22.48,605.4,0.0,0.0,96.66,6.979,8.989,85.03,2.814,237.5,3.399,4.613,48.19,
bMGEnEr,bMGEnPm,bMGEnRabA,bMGEnRabB,bMGEnRabC,bMGEnRabD,bMGEnRabE,bMGEnRabF,bMGEnRabG,bMGEnRabH,bMGEnRabI,cMHCIEnEr,cMHCIEnPm,cMHCIEnRabA,cMHCIEnRabB,cMHCIEnRabC,cMHCIEnRabD,cMHCIEnRabE,cMHCIEnRabF,cMHCIEnRabG,cMHCIEnRabH,cMHCIEnRabI,exCxEnEr,exCxEnPm,exCxEnRabA,exCxEnRabB,exCxEnRabC,exCxEnRabD,exCxEnRabE,exCxEnRabF,exCxEnRabG,exCxEnRabH,exCxEnRabI,imCxEnEr,imCxEnPm,imCxEnRabA,imCxEnRabB,imCxEnRabC,imCxEnRabD,imCxEnRabE,imCxEnRabF,imCxEnRabG,imCxEnRabH,imCxEnRabI,loCxEnEr,loCxEnPm,loCxEnRabA,loCxEnRabB,loCxEnRabC,loCxEnRabD,loCxEnRabE,loCxEnRabF,loCxEnRabG,loCxEnRabH,loCxEnRabI,lyEnzEnEr,lyEnzEnPm,lyEnzEnRabA,lyEnzEnRabB,lyEnzEnRabC,lyEnzEnRabD,lyEnzEnRabE,lyEnzEnRabF,lyEnzEnRabG,lyEnzEnRabH,lyEnzEnRabI,membraneMarkerEr,membraneMarkerPm,membraneMarkerRabA,membraneMarkerRabB,membraneMarkerRabC,membraneMarkerRabD,membraneMarkerRabE,membraneMarkerRabF,membraneMarkerRabG,membraneMarkerRabH,membraneMarkerRabI,mvbEr,mvbPm,mvbRabA,mvbRabB,mvbRabC,mvbRabD,mvbRabE,mvbRabF,mvbRabG,mvbRabH,mvbRabI,NOXEnEr,NOXEnPm,NOXEnRabA,NOXEnRabB,NOXEnRabC,NOXEnRabD,NOXEnRabE,NOXEnRabF,NOXEnRabG,NOXEnRabH,NOXEnRabI,oMHCIEnEr,oMHCIEnPm,oMHCIEnRabA,oMHCIEnRabB,oMHCIEnRabC,oMHCIEnRabD,oMHCIEnRabE,oMHCIEnRabF,oMHCIEnRabG,oMHCIEnRabH,oMHCIEnRabI,ovaCyCy,ovaEnEr,ovaEnPm,ovaEnRabA,ovaEnRabB,ovaEnRabC,ovaEnRabD,ovaEnRabE,ovaEnRabF,ovaEnRabG,ovaEnRabH,ovaEnRabI,pepCyCy,pepEnEr,pepEnPm,pepEnRabA,pepEnRabB,pepEnRabC,pepEnRabD,pepEnRabE,pepEnRabF,pepEnRabG,pepEnRabH,pepEnRabI,pepMHCIEnEr,pepMHCIEnPm,pepMHCIEnRabA,pepMHCIEnRabB,pepMHCIEnRabC,pepMHCIEnRabD,pepMHCIEnRabE,pepMHCIEnRabF,pepMHCIEnRabG,pepMHCIEnRabH,pepMHCIEnRabI,protonCyCy,protonEnEr,protonEnPm,protonEnRabA,protonEnRabB,protonEnRabC,protonEnRabD,protonEnRabE,protonEnRabF,protonEnRabG,protonEnRabH,protonEnRabI,TfEr,TfPm,TfRabA,TfRabB,TfRabC,TfRabD,TfRabE,TfRabF,TfRabG,TfRabH,TfRabI,vATPaseEnEr,vATPaseEnPm,vATPaseEnRabA,vATPaseEnRabB,vATPaseEnRabC,vATPaseEnRabD,vATPaseEnRabE,vATPaseEnRabF,vATPaseEnRabG,vATPaseEnRabH,vATPaseEnRabI,
0.0,9.847,14.76,7.414,11.23,67.63,2.498,9.288,1.35,3.008,50.08,239300.0,222.2,36.31,137.5,85.88,0.6525,0.9479,11.66,4.317,0.263,109.6,2393000.0,11.21,94.54,1722.0,40.09,13.13,4.149,39.82,9.506,5.393,6069.0,2393000.0,11.21,94.54,1722.0,40.09,13.13,4.149,39.82,9.506,5.393,6069.0,2393000.0,11.26,153.3,1093.0,50.41,193.5,32.84,198.2,75.07,61.61,5802.0,0.0,5.601E7,5.923E7,2.144E7,2.381E7,2.3749999999999997E8,8038000.0,2.088E7,5704000.0,1.118E7,1.0559999999999999E8,0.0,0.0,0.0,0.0,0.0,0.0,0.0,0.0,0.0,0.0,0.0,0.0,0.0,247.5,23.66,21.68,380.9,8.572,501.4,10.51,13.81,191.2,0.0,3.629,4283.0,67.39,70.73,589.3,13.36,20.12,9.881,13.39,154.3,0.0,32.65,6.745,34.39,547.2,0.01972,0.006292,8.223,0.0447,1.981E-14,19.04,0.0,0.0,0.0,0.0,0.0,0.0,0.0,0.0,0.0,0.0,0.0,0.0,0.0,0.0,0.01099,1.186,0.3196,0.246,0.001293,2.242E-4,6.014E-5,1.827E-5,1.282E-5,0.05624,0.0,0.04621,32.82,19.92,6.815,0.002885,0.01585,1.536E-4,6.552E-5,8.125E-5,0.04752,9.443E-5,0.0,19090.0,4235.0,4122.0,8084.0,267.4,254.9,1325.0,86.26,19.68,4686.0,0.0,31710.0,7417.0,15750.0,8055.0,209.1,160.5,105.3,12.51,24.76,603.1,0.0,0.0,96.15,6.971,8.984,85.03,2.814,237.5,3.399,4.613,48.19,
bMGEnEr,bMGEnPm,bMGEnRabA,bMGEnRabB,bMGEnRabC,bMGEnRabD,bMGEnRabE,bMGEnRabF,bMGEnRabG,bMGEnRabH,bMGEnRabI,cMHCIEnEr,cMHCIEnPm,cMHCIEnRabA,cMHCIEnRabB,cMHCIEnRabC,cMHCIEnRabD,cMHCIEnRabE,cMHCIEnRabF,cMHCIEnRabG,cMHCIEnRabH,cMHCIEnRabI,exCxEnEr,exCxEnPm,exCxEnRabA,exCxEnRabB,exCxEnRabC,exCxEnRabD,exCxEnRabE,exCxEnRabF,exCxEnRabG,exCxEnRabH,exCxEnRabI,imCxEnEr,imCxEnPm,imCxEnRabA,imCxEnRabB,imCxEnRabC,imCxEnRabD,imCxEnRabE,imCxEnRabF,imCxEnRabG,imCxEnRabH,imCxEnRabI,loCxEnEr,loCxEnPm,loCxEnRabA,loCxEnRabB,loCxEnRabC,loCxEnRabD,loCxEnRabE,loCxEnRabF,loCxEnRabG,loCxEnRabH,loCxEnRabI,lyEnzEnEr,lyEnzEnPm,lyEnzEnRabA,lyEnzEnRabB,lyEnzEnRabC,lyEnzEnRabD,lyEnzEnRabE,lyEnzEnRabF,lyEnzEnRabG,lyEnzEnRabH,lyEnzEnRabI,membraneMarkerEr,membraneMarkerPm,membraneMarkerRabA,membraneMarkerRabB,membraneMarkerRabC,membraneMarkerRabD,membraneMarkerRabE,membraneMarkerRabF,membraneMarkerRabG,membraneMarkerRabH,membraneMarkerRabI,mvbEr,mvbPm,mvbRabA,mvbRabB,mvbRabC,mvbRabD,mvbRabE,mvbRabF,mvbRabG,mvbRabH,mvbRabI,NOXEnEr,NOXEnPm,NOXEnRabA,NOXEnRabB,NOXEnRabC,NOXEnRabD,NOXEnRabE,NOXEnRabF,NOXEnRabG,NOXEnRabH,NOXEnRabI,oMHCIEnEr,oMHCIEnPm,oMHCIEnRabA,oMHCIEnRabB,oMHCIEnRabC,oMHCIEnRabD,oMHCIEnRabE,oMHCIEnRabF,oMHCIEnRabG,oMHCIEnRabH,oMHCIEnRabI,ovaCyCy,ovaEnEr,ovaEnPm,ovaEnRabA,ovaEnRabB,ovaEnRabC,ovaEnRabD,ovaEnRabE,ovaEnRabF,ovaEnRabG,ovaEnRabH,ovaEnRabI,pepCyCy,pepEnEr,pepEnPm,pepEnRabA,pepEnRabB,pepEnRabC,pepEnRabD,pepEnRabE,pepEnRabF,pepEnRabG,pepEnRabH,pepEnRabI,pepMHCIEnEr,pepMHCIEnPm,pepMHCIEnRabA,pepMHCIEnRabB,pepMHCIEnRabC,pepMHCIEnRabD,pepMHCIEnRabE,pepMHCIEnRabF,pepMHCIEnRabG,pepMHCIEnRabH,pepMHCIEnRabI,protonCyCy,protonEnEr,protonEnPm,protonEnRabA,protonEnRabB,protonEnRabC,protonEnRabD,protonEnRabE,protonEnRabF,protonEnRabG,protonEnRabH,protonEnRabI,TfEr,TfPm,TfRabA,TfRabB,TfRabC,TfRabD,TfRabE,TfRabF,TfRabG,TfRabH,TfRabI,vATPaseEnEr,vATPaseEnPm,vATPaseEnRabA,vATPaseEnRabB,vATPaseEnRabC,vATPaseEnRabD,vATPaseEnRabE,vATPaseEnRabF,vATPaseEnRabG,vATPaseEnRabH,vATPaseEnRabI,
0.0,9.85,14.79,7.388,11.23,67.63,2.498,9.286,1.351,3.008,50.08,239300.0,222.4,43.92,140.0,85.87,0.6511,0.9384,11.51,3.959,0.1773,109.6,2393000.0,11.63,111.3,1742.0,40.07,13.11,4.084,38.46,7.063,4.809,6099.0,2393000.0,11.63,111.3,1742.0,40.07,13.11,4.084,38.46,7.063,4.809,6099.0,2393000.0,11.68,147.6,1095.0,50.4,193.3,32.86,197.4,75.63,61.74,5802.0,0.0,5.602E7,5.91E7,2.157E7,2.381E7,2.3749999999999997E8,8038000.0,2.087E7,5709000.0,1.118E7,1.0559999999999999E8,0.0,0.0,0.0,0.0,0.0,0.0,0.0,0.0,0.0,0.0,0.0,0.0,0.0,246.6,25.41,21.62,378.3,8.534,501.4,10.47,13.75,189.8,0.0,12.54,4278.0,62.88,70.68,581.9,13.3,20.07,9.736,13.24,154.2,0.0,32.65,6.759,34.44,547.2,0.01972,0.006292,8.223,0.0447,1.968E-14,19.06,0.0,0.0,0.0,0.0,0.0,0.0,0.0,0.0,0.0,0.0,0.0,0.0,0.0,0.0,0.01145,1.276,0.3807,0.2508,0.001289,2.23E-4,6.161E-5,1.644E-5,1.228E-5,0.06928,0.0,0.2481,37.24,20.07,6.811,0.002863,0.01585,1.497E-4,6.154E-5,7.994E-5,0.04775,9.361E-5,0.0,21080.0,4544.0,4173.0,6241.0,267.2,255.9,1388.0,125.6,29.04,5948.0,0.0,31730.0,7342.0,15750.0,8055.0,208.3,160.5,105.3,12.5,24.74,603.1,0.0,0.0,96.14,6.965,8.979,84.32,2.808,237.5,3.385,4.599,48.17,
bMGEnEr,bMGEnPm,bMGEnRabA,bMGEnRabB,bMGEnRabC,bMGEnRabD,bMGEnRabE,bMGEnRabF,bMGEnRabG,bMGEnRabH,bMGEnRabI,cMHCIEnEr,cMHCIEnPm,cMHCIEnRabA,cMHCIEnRabB,cMHCIEnRabC,cMHCIEnRabD,cMHCIEnRabE,cMHCIEnRabF,cMHCIEnRabG,cMHCIEnRabH,cMHCIEnRabI,exCxEnEr,exCxEnPm,exCxEnRabA,exCxEnRabB,exCxEnRabC,exCxEnRabD,exCxEnRabE,exCxEnRabF,exCxEnRabG,exCxEnRabH,exCxEnRabI,imCxEnEr,imCxEnPm,imCxEnRabA,imCxEnRabB,imCxEnRabC,imCxEnRabD,imCxEnRabE,imCxEnRabF,imCxEnRabG,imCxEnRabH,imCxEnRabI,loCxEnEr,loCxEnPm,loCxEnRabA,loCxEnRabB,loCxEnRabC,loCxEnRabD,loCxEnRabE,loCxEnRabF,loCxEnRabG,loCxEnRabH,loCxEnRabI,lyEnzEnEr,lyEnzEnPm,lyEnzEnRabA,lyEnzEnRabB,lyEnzEnRabC,lyEnzEnRabD,lyEnzEnRabE,lyEnzEnRabF,lyEnzEnRabG,lyEnzEnRabH,lyEnzEnRabI,membraneMarkerEr,membraneMarkerPm,membraneMarkerRabA,membraneMarkerRabB,membraneMarkerRabC,membraneMarkerRabD,membraneMarkerRabE,membraneMarkerRabF,membraneMarkerRabG,membraneMarkerRabH,membraneMarkerRabI,mvbEr,mvbPm,mvbRabA,mvbRabB,mvbRabC,mvbRabD,mvbRabE,mvbRabF,mvbRabG,mvbRabH,mvbRabI,NOXEnEr,NOXEnPm,NOXEnRabA,NOXEnRabB,NOXEnRabC,NOXEnRabD,NOXEnRabE,NOXEnRabF,NOXEnRabG,NOXEnRabH,NOXEnRabI,oMHCIEnEr,oMHCIEnPm,oMHCIEnRabA,oMHCIEnRabB,oMHCIEnRabC,oMHCIEnRabD,oMHCIEnRabE,oMHCIEnRabF,oMHCIEnRabG,oMHCIEnRabH,oMHCIEnRabI,ovaCyCy,ovaEnEr,ovaEnPm,ovaEnRabA,ovaEnRabB,ovaEnRabC,ovaEnRabD,ovaEnRabE,ovaEnRabF,ovaEnRabG,ovaEnRabH,ovaEnRabI,pepCyCy,pepEnEr,pepEnPm,pepEnRabA,pepEnRabB,pepEnRabC,pepEnRabD,pepEnRabE,pepEnRabF,pepEnRabG,pepEnRabH,pepEnRabI,pepMHCIEnEr,pepMHCIEnPm,pepMHCIEnRabA,pepMHCIEnRabB,pepMHCIEnRabC,pepMHCIEnRabD,pepMHCIEnRabE,pepMHCIEnRabF,pepMHCIEnRabG,pepMHCIEnRabH,pepMHCIEnRabI,protonCyCy,protonEnEr,protonEnPm,protonEnRabA,protonEnRabB,protonEnRabC,protonEnRabD,protonEnRabE,protonEnRabF,protonEnRabG,protonEnRabH,protonEnRabI,TfEr,TfPm,TfRabA,TfRabB,TfRabC,TfRabD,TfRabE,TfRabF,TfRabG,TfRabH,TfRabI,vATPaseEnEr,vATPaseEnPm,vATPaseEnRabA,vATPaseEnRabB,vATPaseEnRabC,vATPaseEnRabD,vATPaseEnRabE,vATPaseEnRabF,vATPaseEnRabG,vATPaseEnRabH,vATPaseEnRabI,
0.0,9.848,14.62,7.186,11.45,68.26,2.493,9.406,1.332,2.987,49.51,239300.0,221.4,43.99,138.9,80.5,0.4638,0.9043,6.285,3.951,0.1706,110.5,2393000.0,9.141,123.8,1725.0,37.09,10.38,4.043,13.25,7.023,4.791,6281.0,2393000.0,9.141,123.8,1725.0,37.09,10.38,4.043,13.25,7.023,4.791,6281.0,2393000.0,9.179,143.8,1096.0,50.44,192.1,32.71,198.9,75.28,61.42,5803.0,0.0,5.601E7,5.77E7,2.132E7,2.524E7,2.3859999999999997E8,8026000.0,2.113E7,5670000.0,1.113E7,1.0459999999999999E8,0.0,0.0,0.0,0.0,0.0,0.0,0.0,0.0,0.0,0.0,0.0,0.0,0.0,239.4,24.49,29.29,386.3,7.86,512.1,8.97,11.83,173.2,0.0,9.856,4302.0,71.06,85.18,576.8,12.47,20.19,9.813,13.19,151.5,0.0,32.24,12.88,34.49,547.2,0.00278,0.006292,0.4507,0.0447,8.338E-13,19.26,0.0,0.0,0.0,0.0,0.0,0.0,0.0,0.0,0.0,0.0,0.0,0.0,0.0,0.0,0.01145,2.711,0.4311,0.2536,0.001283,1.669E-4,4.533E-5,1.635E-5,1.217E-5,0.0988,0.0,0.247,38.18,20.66,6.433,0.002815,0.0113,1.05E-4,6.081E-5,7.924E-5,0.05664,9.184E-5,0.0,21110.0,9166.0,4450.0,6997.0,181.2,255.3,4007.0,121.4,23.75,7217.0,0.0,31530.0,7332.0,15930.0,8076.0,257.5,165.1,106.1,12.35,24.57,555.4,0.0,0.0,90.52,6.55,13.4,83.35,2.492,242.6,2.683,3.694,45.57,
bMGEnEr,bMGEnPm,bMGEnRabA,bMGEnRabB,bMGEnRabC,bMGEnRabD,bMGEnRabE,bMGEnRabF,bMGEnRabG,bMGEnRabH,bMGEnRabI,cMHCIEnEr,cMHCIEnPm,cMHCIEnRabA,cMHCIEnRabB,cMHCIEnRabC,cMHCIEnRabD,cMHCIEnRabE,cMHCIEnRabF,cMHCIEnRabG,cMHCIEnRabH,cMHCIEnRabI,exCxEnEr,exCxEnPm,exCxEnRabA,exCxEnRabB,exCxEnRabC,exCxEnRabD,exCxEnRabE,exCxEnRabF,exCxEnRabG,exCxEnRabH,exCxEnRabI,imCxEnEr,imCxEnPm,imCxEnRabA,imCxEnRabB,imCxEnRabC,imCxEnRabD,imCxEnRabE,imCxEnRabF,imCxEnRabG,imCxEnRabH,imCxEnRabI,loCxEnEr,loCxEnPm,loCxEnRabA,loCxEnRabB,loCxEnRabC,loCxEnRabD,loCxEnRabE,loCxEnRabF,loCxEnRabG,loCxEnRabH,loCxEnRabI,lyEnzEnEr,lyEnzEnPm,lyEnzEnRabA,lyEnzEnRabB,lyEnzEnRabC,lyEnzEnRabD,lyEnzEnRabE,lyEnzEnRabF,lyEnzEnRabG,lyEnzEnRabH,lyEnzEnRabI,membraneMarkerEr,membraneMarkerPm,membraneMarkerRabA,membraneMarkerRabB,membraneMarkerRabC,membraneMarkerRabD,membraneMarkerRabE,membraneMarkerRabF,membraneMarkerRabG,membraneMarkerRabH,membraneMarkerRabI,mvbEr,mvbPm,mvbRabA,mvbRabB,mvbRabC,mvbRabD,mvbRabE,mvbRabF,mvbRabG,mvbRabH,mvbRabI,NOXEnEr,NOXEnPm,NOXEnRabA,NOXEnRabB,NOXEnRabC,NOXEnRabD,NOXEnRabE,NOXEnRabF,NOXEnRabG,NOXEnRabH,NOXEnRabI,oMHCIEnEr,oMHCIEnPm,oMHCIEnRabA,oMHCIEnRabB,oMHCIEnRabC,oMHCIEnRabD,oMHCIEnRabE,oMHCIEnRabF,oMHCIEnRabG,oMHCIEnRabH,oMHCIEnRabI,ovaCyCy,ovaEnEr,ovaEnPm,ovaEnRabA,ovaEnRabB,ovaEnRabC,ovaEnRabD,ovaEnRabE,ovaEnRabF,ovaEnRabG,ovaEnRabH,ovaEnRabI,pepCyCy,pepEnEr,pepEnPm,pepEnRabA,pepEnRabB,pepEnRabC,pepEnRabD,pepEnRabE,pepEnRabF,pepEnRabG,pepEnRabH,pepEnRabI,pepMHCIEnEr,pepMHCIEnPm,pepMHCIEnRabA,pepMHCIEnRabB,pepMHCIEnRabC,pepMHCIEnRabD,pepMHCIEnRabE,pepMHCIEnRabF,pepMHCIEnRabG,pepMHCIEnRabH,pepMHCIEnRabI,protonCyCy,protonEnEr,protonEnPm,protonEnRabA,protonEnRabB,protonEnRabC,protonEnRabD,protonEnRabE,protonEnRabF,protonEnRabG,protonEnRabH,protonEnRabI,TfEr,TfPm,TfRabA,TfRabB,TfRabC,TfRabD,TfRabE,TfRabF,TfRabG,TfRabH,TfRabI,vATPaseEnEr,vATPaseEnPm,vATPaseEnRabA,vATPaseEnRabB,vATPaseEnRabC,vATPaseEnRabD,vATPaseEnRabE,vATPaseEnRabF,vATPaseEnRabG,vATPaseEnRabH,vATPaseEnRabI,
0.0,9.878,14.54,7.266,11.42,68.25,2.493,9.412,1.331,2.984,49.51,239300.0,221.6,40.01,139.3,92.84,0.4642,0.9044,3.878,3.951,0.1221,137.4,2393000.0,9.208,110.7,1721.0,48.99,10.38,4.044,9.113,7.023,3.362,6765.0,2393000.0,9.208,110.7,1721.0,48.99,10.38,4.044,9.113,7.023,3.362,6765.0,2393000.0,9.568,141.6,1095.0,49.75,192.0,32.7,198.9,75.26,61.16,5803.0,0.0,5.616E7,5.758E7,2.143E7,2.509E7,2.3859999999999997E8,8025000.0,2.115E7,5668000.0,1.114E7,1.0459999999999999E8,0.0,0.0,0.0,0.0,0.0,0.0,0.0,0.0,0.0,0.0,0.0,0.0,0.0,241.6,26.17,29.28,386.2,7.832,512.5,8.909,11.75,173.2,0.0,9.989,4281.0,71.22,85.04,576.8,12.47,20.19,9.812,13.2,151.5,0.0,32.24,11.18,35.74,610.1,0.00278,0.006292,0.4549,0.0447,4.205E-8,1.244,0.0,0.0,0.0,0.0,0.0,0.0,0.0,0.0,0.0,0.0,0.0,0.0,0.0,0.0,0.01146,3.089,0.5145,0.2777,0.00128,1.669E-4,4.273E-5,1.633E-5,1.143E-5,0.09734,0.0,0.2665,33.78,22.79,13.73,0.002815,0.0113,8.857E-5,6.081E-5,7.449E-5,0.04934,8.911E-5,0.0,21140.0,8884.0,4536.0,7239.0,181.2,255.3,11570.0,121.5,23.33,9773.0,0.0,31670.0,7251.0,15960.0,7932.0,257.5,165.1,106.2,12.35,24.52,555.4,0.0,0.0,90.51,6.513,13.39,83.31,2.479,242.8,2.654,3.657,45.53,
bMGEnEr,bMGEnPm,bMGEnRabA,bMGEnRabB,bMGEnRabC,bMGEnRabD,bMGEnRabE,bMGEnRabF,bMGEnRabG,bMGEnRabH,bMGEnRabI,cMHCIEnEr,cMHCIEnPm,cMHCIEnRabA,cMHCIEnRabB,cMHCIEnRabC,cMHCIEnRabD,cMHCIEnRabE,cMHCIEnRabF,cMHCIEnRabG,cMHCIEnRabH,cMHCIEnRabI,exCxEnEr,exCxEnPm,exCxEnRabA,exCxEnRabB,exCxEnRabC,exCxEnRabD,exCxEnRabE,exCxEnRabF,exCxEnRabG,exCxEnRabH,exCxEnRabI,imCxEnEr,imCxEnPm,imCxEnRabA,imCxEnRabB,imCxEnRabC,imCxEnRabD,imCxEnRabE,imCxEnRabF,imCxEnRabG,imCxEnRabH,imCxEnRabI,loCxEnEr,loCxEnPm,loCxEnRabA,loCxEnRabB,loCxEnRabC,loCxEnRabD,loCxEnRabE,loCxEnRabF,loCxEnRabG,loCxEnRabH,loCxEnRabI,lyEnzEnEr,lyEnzEnPm,lyEnzEnRabA,lyEnzEnRabB,lyEnzEnRabC,lyEnzEnRabD,lyEnzEnRabE,lyEnzEnRabF,lyEnzEnRabG,lyEnzEnRabH,lyEnzEnRabI,membraneMarkerEr,membraneMarkerPm,membraneMarkerRabA,membraneMarkerRabB,membraneMarkerRabC,membraneMarkerRabD,membraneMarkerRabE,membraneMarkerRabF,membraneMarkerRabG,membraneMarkerRabH,membraneMarkerRabI,mvbEr,mvbPm,mvbRabA,mvbRabB,mvbRabC,mvbRabD,mvbRabE,mvbRabF,mvbRabG,mvbRabH,mvbRabI,NOXEnEr,NOXEnPm,NOXEnRabA,NOXEnRabB,NOXEnRabC,NOXEnRabD,NOXEnRabE,NOXEnRabF,NOXEnRabG,NOXEnRabH,NOXEnRabI,oMHCIEnEr,oMHCIEnPm,oMHCIEnRabA,oMHCIEnRabB,oMHCIEnRabC,oMHCIEnRabD,oMHCIEnRabE,oMHCIEnRabF,oMHCIEnRabG,oMHCIEnRabH,oMHCIEnRabI,ovaCyCy,ovaEnEr,ovaEnPm,ovaEnRabA,ovaEnRabB,ovaEnRabC,ovaEnRabD,ovaEnRabE,ovaEnRabF,ovaEnRabG,ovaEnRabH,ovaEnRabI,pepCyCy,pepEnEr,pepEnPm,pepEnRabA,pepEnRabB,pepEnRabC,pepEnRabD,pepEnRabE,pepEnRabF,pepEnRabG,pepEnRabH,pepEnRabI,pepMHCIEnEr,pepMHCIEnPm,pepMHCIEnRabA,pepMHCIEnRabB,pepMHCIEnRabC,pepMHCIEnRabD,pepMHCIEnRabE,pepMHCIEnRabF,pepMHCIEnRabG,pepMHCIEnRabH,pepMHCIEnRabI,protonCyCy,protonEnEr,protonEnPm,protonEnRabA,protonEnRabB,protonEnRabC,protonEnRabD,protonEnRabE,protonEnRabF,protonEnRabG,protonEnRabH,protonEnRabI,TfEr,TfPm,TfRabA,TfRabB,TfRabC,TfRabD,TfRabE,TfRabF,TfRabG,TfRabH,TfRabI,vATPaseEnEr,vATPaseEnPm,vATPaseEnRabA,vATPaseEnRabB,vATPaseEnRabC,vATPaseEnRabD,vATPaseEnRabE,vATPaseEnRabF,vATPaseEnRabG,vATPaseEnRabH,vATPaseEnRabI,
0.0,9.878,14.56,7.253,11.43,68.26,2.493,9.409,1.331,2.994,49.5,239300.0,221.6,36.94,141.6,88.93,0.4638,0.9043,3.836,3.951,0.1205,149.9,2393000.0,9.208,106.0,1723.0,48.98,10.38,4.043,9.039,7.023,3.318,7643.0,2393000.0,9.208,106.0,1723.0,48.98,10.38,4.043,9.039,7.023,3.318,7643.0,2393000.0,9.568,142.5,1094.0,49.74,192.0,32.71,198.9,75.27,61.0,5803.0,0.0,5.616E7,5.758E7,2.143E7,2.51E7,2.3859999999999997E8,8025000.0,2.114E7,5669000.0,1.118E7,1.0459999999999999E8,0.0,0.0,0.0,0.0,0.0,0.0,0.0,0.0,0.0,0.0,0.0,0.0,0.0,242.6,26.16,29.28,386.0,7.846,512.3,8.937,11.79,173.0,0.0,9.989,4273.0,74.45,85.04,576.8,12.47,20.19,9.813,13.2,151.5,0.0,32.24,10.75,35.16,614.0,0.00278,0.006292,0.4549,0.0447,8.189E-13,8.132,0.0,0.0,0.0,0.0,0.0,0.0,0.0,0.0,0.0,0.0,0.0,0.0,0.0,0.0,0.01146,3.127,0.5728,0.2881,0.001278,1.668E-4,4.269E-5,1.63E-5,1.134E-5,0.2855,0.0,0.2665,31.24,23.74,13.72,0.002815,0.0113,NaN,6.081E-5,7.433E-5,0.0541,8.834E-5,0.0,21410.0,8774.0,4544.0,10790.0,182.2,255.6,11710.0,122.2,24.88,5607.0,0.0,31670.0,7186.0,16010.0,7932.0,257.5,165.1,106.2,12.35,24.57,555.4,0.0,0.0,90.51,6.531,13.4,83.33,2.485,242.7,2.669,3.675,45.55,
bMGEnEr,bMGEnPm,bMGEnRabA,bMGEnRabB,bMGEnRabC,bMGEnRabD,bMGEnRabE,bMGEnRabF,bMGEnRabG,bMGEnRabH,bMGEnRabI,cMHCIEnEr,cMHCIEnPm,cMHCIEnRabA,cMHCIEnRabB,cMHCIEnRabC,cMHCIEnRabD,cMHCIEnRabE,cMHCIEnRabF,cMHCIEnRabG,cMHCIEnRabH,cMHCIEnRabI,exCxEnEr,exCxEnPm,exCxEnRabA,exCxEnRabB,exCxEnRabC,exCxEnRabD,exCxEnRabE,exCxEnRabF,exCxEnRabG,exCxEnRabH,exCxEnRabI,imCxEnEr,imCxEnPm,imCxEnRabA,imCxEnRabB,imCxEnRabC,imCxEnRabD,imCxEnRabE,imCxEnRabF,imCxEnRabG,imCxEnRabH,imCxEnRabI,loCxEnEr,loCxEnPm,loCxEnRabA,loCxEnRabB,loCxEnRabC,loCxEnRabD,loCxEnRabE,loCxEnRabF,loCxEnRabG,loCxEnRabH,loCxEnRabI,lyEnzEnEr,lyEnzEnPm,lyEnzEnRabA,lyEnzEnRabB,lyEnzEnRabC,lyEnzEnRabD,lyEnzEnRabE,lyEnzEnRabF,lyEnzEnRabG,lyEnzEnRabH,lyEnzEnRabI,membraneMarkerEr,membraneMarkerPm,membraneMarkerRabA,membraneMarkerRabB,membraneMarkerRabC,membraneMarkerRabD,membraneMarkerRabE,membraneMarkerRabF,membraneMarkerRabG,membraneMarkerRabH,membraneMarkerRabI,mvbEr,mvbPm,mvbRabA,mvbRabB,mvbRabC,mvbRabD,mvbRabE,mvbRabF,mvbRabG,mvbRabH,mvbRabI,NOXEnEr,NOXEnPm,NOXEnRabA,NOXEnRabB,NOXEnRabC,NOXEnRabD,NOXEnRabE,NOXEnRabF,NOXEnRabG,NOXEnRabH,NOXEnRabI,oMHCIEnEr,oMHCIEnPm,oMHCIEnRabA,oMHCIEnRabB,oMHCIEnRabC,oMHCIEnRabD,oMHCIEnRabE,oMHCIEnRabF,oMHCIEnRabG,oMHCIEnRabH,oMHCIEnRabI,ovaCyCy,ovaEnEr,ovaEnPm,ovaEnRabA,ovaEnRabB,ovaEnRabC,ovaEnRabD,ovaEnRabE,ovaEnRabF,ovaEnRabG,ovaEnRabH,ovaEnRabI,pepCyCy,pepEnEr,pepEnPm,pepEnRabA,pepEnRabB,pepEnRabC,pepEnRabD,pepEnRabE,pepEnRabF,pepEnRabG,pepEnRabH,pepEnRabI,pepMHCIEnEr,pepMHCIEnPm,pepMHCIEnRabA,pepMHCIEnRabB,pepMHCIEnRabC,pepMHCIEnRabD,pepMHCIEnRabE,pepMHCIEnRabF,pepMHCIEnRabG,pepMHCIEnRabH,pepMHCIEnRabI,protonCyCy,protonEnEr,protonEnPm,protonEnRabA,protonEnRabB,protonEnRabC,protonEnRabD,protonEnRabE,protonEnRabF,protonEnRabG,protonEnRabH,protonEnRabI,TfEr,TfPm,TfRabA,TfRabB,TfRabC,TfRabD,TfRabE,TfRabF,TfRabG,TfRabH,TfRabI,vATPaseEnEr,vATPaseEnPm,vATPaseEnRabA,vATPaseEnRabB,vATPaseEnRabC,vATPaseEnRabD,vATPaseEnRabE,vATPaseEnRabF,vATPaseEnRabG,vATPaseEnRabH,vATPaseEnRabI,
0.0,9.878,14.62,7.256,11.44,68.96,2.503,9.414,1.34,3.013,48.67,239300.0,221.6,57.24,151.9,977.3,0.3181,0.7469,7.236,6.088,0.04711,187.1,2393000.0,9.208,126.8,1947.0,55.31,4.061,3.372,15.49,10.36,0.827,8432.0,2393000.0,9.208,126.8,1947.0,55.31,4.061,3.372,15.49,10.36,0.827,8432.0,2393000.0,9.568,140.7,1096.0,49.09,187.6,32.58,198.8,75.22,60.89,5982.0,0.0,5.616E7,5.791E7,2.149E7,2.488E7,2.3959999999999997E8,7998000.0,2.115E7,5681000.0,1.121E7,1.0339999999999999E8,0.0,0.0,0.0,0.0,0.0,0.0,0.0,0.0,0.0,0.0,0.0,0.0,0.0,242.7,26.21,29.32,385.3,7.866,512.1,8.941,11.82,165.4,0.0,9.989,4256.0,71.75,103.7,579.0,13.42,20.21,9.837,13.25,148.9,0.0,32.24,12.96,20.12,53.0,1.902E-6,0.006291,0.4548,5.241E-5,8.209E-13,11.93,0.0,0.0,0.0,0.0,0.0,0.0,0.0,0.0,0.0,0.0,0.0,0.0,0.0,0.0,0.01146,3.616,0.3594,0.4381,0.001716,1.203E-4,8.647E-5,1.03E-5,3.624E-7,0.28,0.0,0.2665,38.47,24.32,8.738,4.535E-4,0.01094,1.048E-4,1.991E-5,4.867E-6,0.05423,8.611E-5,0.0,21440.0,9511.0,4740.0,8133.0,58.76,249.0,11630.0,76.67,24.6,6727.0,0.0,31670.0,7297.0,16050.0,7780.0,258.8,157.9,106.2,12.37,24.61,553.8,0.0,0.0,90.58,6.576,13.44,84.56,2.515,242.6,2.696,3.724,44.15,
0.0,9.878,14.65,7.252,11.44,68.87,2.514,9.417,1.357,3.031,48.69,239300.0,221.6,56.27,151.2,974.0,0.318,1.109,7.235,6.088,0.04709,188.9,2393000.0,9.208,126.5,1937.0,50.66,4.06,4.079,15.49,10.36,0.8264,8587.0,2393000.0,9.208,126.5,1937.0,50.66,4.06,4.079,15.49,10.36,0.8264,8587.0,2393000.0,9.568,142.1,1098.0,44.49,187.6,32.59,198.8,75.23,60.9,5982.0,0.0,5.616E7,5.796E7,2.15E7,2.495E7,2.3909999999999997E8,8058000.0,2.117E7,5777000.0,1.131E7,1.0339999999999999E8,0.0,0.0,0.0,0.0,0.0,0.0,0.0,0.0,0.0,0.0,0.0,0.0,0.0,245.3,26.35,29.72,382.7,7.933,511.9,9.054,11.94,165.5,0.0,9.989,4252.0,74.79,88.49,579.0,12.77,20.21,9.822,13.24,148.9,0.0,32.24,13.16,20.4,29.49,4.768E-9,0.0758,0.4549,5.241E-5,4.729E-11,12.03,0.0,0.0,0.0,0.0,0.0,0.0,0.0,0.0,0.0,0.0,0.0,0.0,0.0,0.0,0.01146,3.64,0.385,0.434,0.001716,1.482E-4,8.647E-5,1.03E-5,3.618E-7,0.2825,0.0,0.2665,38.38,24.26,7.813,4.516E-4,0.005228,1.048E-4,1.982E-5,4.768E-6,0.05476,8.436E-5,0.0,25260.0,9901.0,4849.0,3228.0,1228.0,254.8,15440.0,77.63,25.62,7267.0,0.0,31670.0,7160.0,16040.0,7879.0,258.7,162.4,106.2,12.38,24.62,553.5,0.0,0.0,89.68,6.566,13.19,84.47,2.519,242.5,2.733,3.765,44.17,
0.0,9.878,14.69,7.205,11.44,68.87,2.514,9.413,1.359,3.032,48.69,239300.0,221.6,59.27,156.9,975.1,0.3178,1.106,7.176,5.974,0.01975,160.9,2393000.0,9.208,132.8,2006.0,53.05,4.06,4.058,15.02,9.567,0.6378,7335.0,2393000.0,9.208,132.8,2006.0,53.05,4.06,4.058,15.02,9.567,0.6378,7335.0,2393000.0,9.568,130.5,1108.0,44.46,187.6,32.6,198.0,75.82,61.05,5982.0,0.0,5.616E7,5.8E7,2.146E7,2.494E7,2.3909999999999997E8,8059000.0,2.116E7,5784000.0,1.131E7,1.0339999999999999E8,0.0,0.0,0.0,0.0,0.0,0.0,0.0,0.0,0.0,0.0,0.0,0.0,0.0,249.4,25.33,29.68,382.8,7.947,511.6,9.086,11.98,165.5,0.0,9.989,4240.0,70.58,88.47,579.0,12.77,20.2,9.822,13.24,148.9,0.0,32.24,13.92,20.43,42.85,1.609E-4,0.07604,0.4549,5.241E-5,3.044E-14,8.624,0.0,0.0,0.0,0.0,0.0,0.0,0.0,0.0,0.0,0.0,0.0,0.0,0.0,0.0,0.01146,5.735,0.4116,0.4458,0.001718,1.483E-4,8.616E-5,9.707E-6,2.194E-7,0.2659,0.0,0.2665,39.53,24.79,9.244,4.495E-4,0.005228,1.042E-4,1.869E-5,4.498E-6,0.04641,8.335E-5,0.0,25300.0,15190.0,4868.0,3249.0,1229.0,253.7,15440.0,35.17,15.44,5893.0,0.0,31670.0,6149.0,16970.0,7876.0,258.7,162.4,106.1,12.39,24.63,553.5,0.0,0.0,88.9,6.105,13.17,84.5,2.526,242.4,2.748,3.785,44.19,
0.0,9.878,14.71,7.252,11.38,68.87,2.515,9.413,1.359,3.032,48.69,239300.0,221.6,63.55,163.4,974.1,0.3178,1.082,7.176,5.974,0.01734,138.5,2393000.0,9.208,145.2,2010.0,51.77,4.06,4.045,15.02,9.567,0.629,6489.0,2393000.0,9.208,145.2,2010.0,51.77,4.06,4.045,15.02,9.567,0.629,6489.0,2393000.0,9.568,129.2,1110.0,44.13,187.6,32.68,198.0,75.82,61.05,5982.0,0.0,5.616E7,5.798E7,2.165E7,2.479E7,2.3909999999999997E8,8039000.0,2.116E7,5784000.0,1.131E7,1.0339999999999999E8,0.0,0.0,0.0,0.0,0.0,0.0,0.0,0.0,0.0,0.0,0.0,0.0,0.0,249.3,25.3,29.7,378.8,7.912,511.6,9.005,11.9,165.5,0.0,9.989,4240.0,68.64,89.5,579.0,12.78,20.2,9.822,13.24,148.9,0.0,32.24,14.01,20.4,43.04,1.614E-4,0.07604,0.4549,5.241E-5,2.378E-15,11.6,0.0,0.0,0.0,0.0,0.0,0.0,0.0,0.0,0.0,0.0,0.0,0.0,0.0,0.0,0.01146,6.619,0.4724,0.4506,0.001718,1.469E-4,8.616E-5,9.707E-6,1.766E-7,0.2527,0.0,0.2665,43.62,30.09,9.219,4.49E-4,0.003749,1.042E-4,1.869E-5,4.13E-6,0.04107,8.271E-5,0.0,25350.0,15370.0,4819.0,3484.0,1227.0,268.0,15440.0,35.13,10.47,6601.0,0.0,31670.0,6126.0,16980.0,7888.0,258.7,156.2,106.1,12.39,24.63,553.5,0.0,0.0,88.89,6.106,13.18,84.5,2.526,242.4,2.748,3.785,44.19,
0.0,9.886,14.72,7.243,11.37,68.88,2.516,9.407,1.36,3.033,48.69,239300.0,220.7,62.39,163.6,975.0,0.3178,1.082,7.176,5.974,0.0173,138.8,2393000.0,6.942,137.6,2013.0,52.08,4.06,4.045,15.02,9.567,0.629,6415.0,2393000.0,6.942,137.6,2013.0,52.08,4.06,4.045,15.02,9.567,0.629,6415.0,2393000.0,7.174,131.2,1110.0,44.03,187.7,32.68,197.9,75.83,61.06,5982.0,0.0,5.619E7,5.801E7,2.165E7,2.474E7,2.3909999999999997E8,8040000.0,2.114E7,5786000.0,1.131E7,1.0339999999999999E8,0.0,0.0,0.0,0.0,0.0,0.0,0.0,0.0,0.0,0.0,0.0,0.0,0.0,250.3,25.45,29.68,378.9,7.942,511.1,9.072,11.98,165.5,0.0,7.432,4299.0,68.66,89.45,579.0,12.78,20.2,9.822,13.24,148.9,0.0,31.73,10.09,20.42,42.98,1.615E-4,0.07604,0.4549,5.241E-5,3.526E-5,10.91,0.0,0.0,0.0,0.0,0.0,0.0,0.0,0.0,0.0,0.0,0.0,0.0,0.0,0.0,0.04183,5.086,0.4943,0.522,0.001718,1.469E-4,8.616E-5,9.707E-6,1.775E-7,0.2573,0.0,0.2709,41.96,30.09,9.246,4.489E-4,0.003749,NaN,1.869E-5,4.129E-6,0.04066,8.132E-5,0.0,25380.0,10620.0,4777.0,2653.0,1227.0,268.0,19260.0,35.22,630.7,9788.0,0.0,31460.0,6346.0,16990.0,7848.0,258.7,156.2,106.1,12.39,24.63,553.5,0.0,0.0,88.88,6.175,13.18,84.55,2.54,242.2,2.78,3.825,44.24,
0.0,9.886,14.54,6.815,11.44,66.81,2.277,8.913,1.36,3.033,52.03,239300.0,220.7,63.12,160.2,973.8,0.2139,1.083,7.178,5.974,0.0173,127.0,2393000.0,6.942,142.1,1973.0,51.94,2.982,4.163,15.26,9.567,0.629,5965.0,2393000.0,6.942,142.1,1973.0,51.94,2.982,4.163,15.26,9.567,0.629,5965.0,2393000.0,7.174,143.5,1104.0,45.05,238.2,35.29,203.3,75.83,61.06,5915.0,0.0,5.619E7,5.794E7,2.154E7,2.487E7,2.3699999999999997E8,7961000.0,2.098E7,5786000.0,1.131E7,1.0589999999999999E8,0.0,0.0,0.0,0.0,0.0,0.0,0.0,0.0,0.0,0.0,0.0,0.0,0.0,250.8,24.62,29.46,373.5,7.454,510.1,9.032,11.94,172.0,0.0,7.432,4270.0,86.32,88.84,537.5,11.0,16.51,9.822,13.24,201.2,0.0,31.73,10.14,20.44,42.98,1.615E-4,0.07604,0.4549,5.241E-5,3.526E-5,13.9,0.0,0.0,0.0,0.0,0.0,0.0,0.0,0.0,0.0,0.0,0.0,0.0,0.0,0.0,0.04183,5.051,0.5156,0.5267,3.943E-5,1.492E-4,9.08E-5,9.707E-6,1.784E-7,0.2306,0.0,0.2709,42.98,28.85,9.166,6.94E-5,0.00375,NaN,1.869E-5,4.128E-6,0.03853,8.096E-5,0.0,25440.0,10650.0,4763.0,2690.0,1207.0,266.8,19250.0,35.21,630.7,8290.0,0.0,31460.0,6401.0,16890.0,7917.0,235.6,153.4,100.4,12.39,24.63,557.0,0.0,0.0,88.17,5.941,13.11,83.54,2.406,241.9,2.78,3.825,46.08,
0.0,9.908,14.56,6.822,11.44,66.79,2.291,8.928,1.378,3.052,51.93,239300.0,221.0,71.42,166.6,974.0,0.08318,1.082,8.084,5.973,0.0173,121.6,2393000.0,7.103,156.6,2060.0,58.15,0.5329,4.045,15.78,9.561,0.629,5694.0,2393000.0,7.103,156.6,2060.0,58.15,0.5329,4.045,15.78,9.561,0.629,5694.0,2393000.0,7.378,131.0,1110.0,48.24,235.0,35.08,202.8,75.84,61.07,5920.0,0.0,5.628E7,5.8E7,2.155E7,2.488E7,2.3649999999999997E8,8012000.0,2.102E7,5887000.0,1.142E7,1.0589999999999999E8,0.0,0.0,0.0,0.0,0.0,0.0,0.0,0.0,0.0,0.0,0.0,0.0,0.0,250.9,25.63,29.5,371.1,7.532,510.0,9.148,12.07,171.4,0.0,7.53,4292.0,64.29,88.96,539.7,11.14,16.82,9.806,13.22,198.1,0.0,31.73,10.15,22.91,43.04,1.615E-4,0.07604,5.218E-4,5.241E-5,3.644E-5,13.35,0.0,0.0,0.0,0.0,0.0,0.0,0.0,0.0,0.0,0.0,0.0,0.0,0.0,0.0,0.07858,5.121,0.5733,0.5123,7.521E-6,1.47E-4,8.898E-5,9.705E-6,1.791E-7,0.2227,0.0,0.2776,52.59,33.81,9.261,4.786E-5,0.003733,NaN,1.857E-5,4.103E-6,0.03696,7.997E-5,0.0,25540.0,10160.0,5058.0,3477.0,1187.0,265.1,15440.0,34.65,1246.0,5193.0,0.0,31540.0,6216.0,16930.0,7931.0,236.7,153.5,100.5,12.41,24.65,555.3,0.0,0.0,88.2,5.985,13.13,83.55,2.43,241.8,2.819,3.87,45.97,
