endosome0i,initOrgProp,area,1725050.4535947219,volume,1.6069194058715148E7,xcoor,25.0,ycoor,5.8758953488802135,
endosome0i,initRabContent,RabE,1667925.6636811774,RabC,15393.804002590005,RabD,26337.18190836429,RabB,15393.804002589986
endosome0i,initMembraneContent,membraneMarker,0.0,memC3,27.07220692279349,memS3,0.0,memC2,19.928212126559963,memS2,0.0,memC1,1.8519587670630044,memS1,0.0,memS,0.0
endosome0i,initSolubleContent,solS,1700.6871264317685,solubleMarker,0.0,solL,0.0,proton,8.665612571433185
endosome1N,initOrgProp,area,1248618.071408156,volume,1.1996789173251903E7,xcoor,25.0,ycoor,1.576373804601669,
endosome1N,initRabContent,RabE,18265.230079122233,RabC,14756.905428798134,RabD,18111.931025681097,RabA,1177815.5713558763,RabB,19668.433518682137
endosome1N,initMembraneContent,membraneMarker,0.0,memC3,26.11172104341651,memS3,0.0,memC2,41.292729588310145,memS2,0.0,memC1,2456.2309675849046,memS1,0.0,memS,0.0
endosome1N,initSolubleContent,solS,2196.195756775631,solubleMarker,0.0,solL,0.0,proton,11.19040725566793
endosome2g,initOrgProp,area,1141233.266063098,volume,1.0064989473015929E7,xcoor,25.0,ycoor,0.3262499392719911,
endosome2g,initRabContent,RabE,10894.987941675492,RabC,19711.556890714386,RabD,8179.901097910268,RabA,21960.28161437412,RabB,1080486.5385184265
endosome2g,initMembraneContent,membraneMarker,0.0,memC3,34.859668983762575,memS3,0.0,memC2,2259.0335476945334,memS2,0.0,memC1,41.66800682574981,memS1,0.0,memS,0.0
endosome2g,initSolubleContent,solS,2071.92317487557,solubleMarker,0.0,solL,0.0,proton,10.557193755512232
endosome3n,initOrgProp,area,1445658.9537004312,volume,1.2687783529019244E7,xcoor,25.0,ycoor,1.6706764360609259,
endosome3n,initRabContent,RabC,1393179.8522425287,RabD,21691.49345272203,RabA,15393.804002589986,RabB,15393.804002590034
endosome3n,initMembraneContent,membraneMarker,0.0,memC3,2463.02521579837,memS3,0.0,memC2,32.178964400522695,memS2,0.0,memC1,34.96308999498926,memS1,0.0,memS,0.0
endosome3n,initSolubleContent,solS,2785.722243357834,solubleMarker,0.0,solL,0.0,proton,14.194256731519554
endosome4K,initOrgProp,area,1442542.608103048,volume,1.2750798335718269E7,xcoor,25.0,ycoor,2.370597572442888,
endosome4K,initRabContent,RabE,15393.804002589986,RabC,7180.239878136184,RabD,1419968.5642223218
endosome4K,initMembraneContent,membraneMarker,0.0,memC3,12.696408219423965,memS3,0.0,memC2,0.0,memS2,0.0,memC1,2.815285218902978,memS1,0.0,memS,0.0
endosome4K,initSolubleContent,solS,2665.5455604322656,solubleMarker,0.0,solL,0.0,proton,13.581913309753329
endosome5j,initOrgProp,area,1139222.7389617425,volume,1.0325456199697962E7,xcoor,25.0,ycoor,0.34933812454424173,
endosome5j,initRabContent,RabC,15393.804002589986,RabA,1062253.7189487924,RabB,61575.21601035996
endosome5j,initMembraneContent,membraneMarker,0.0,memC3,27.214955315645057,memS3,0.0,memC2,128.8845039810149,memS2,0.0,memC1,1964.071255589881,memS1,0.0,memS,8033
endosome5j,initSolubleContent,solS,1796.557241714106,solubleMarker,0.0,solL,103254,proton,9.154105289055178
endosome6Y,initOrgProp,area,933424.2420349962,volume,8277041.457514055,xcoor,25.0,ycoor,3.4409647952907956,
endosome6Y,initRabContent,RabE,6758.734252505776,RabC,11121.659601922518,RabD,895406.6421494172,RabB,20137.20603115651
endosome6Y,initMembraneContent,membraneMarker,0.0,memC3,19.66428183664258,memS3,0.0,memC2,41.79663013684094,memS2,0.0,memC1,2.067910090891726,memS1,0.0,memS,0.0
endosome6Y,initSolubleContent,solS,1700.9352833107962,solubleMarker,0.0,solL,0.0,proton,8.666877019982934
endosome7u,initOrgProp,area,481994.2304058694,volume,4275905.425524836,xcoor,25.0,ycoor,1.1177311279464757,
endosome7u,initRabContent,RabE,15393.80400258999,RabC,424292.538272894,RabD,15393.804002590165,RabA,15393.80400258999,RabB,11520.280125208395
endosome7u,initMembraneContent,membraneMarker,0.0,memC3,750.1314405455836,memS3,0.0,memC2,24.066452254568507,memS2,0.0,memC1,36.23246197915198,memS1,0.0,memS,0.0
endosome7u,initSolubleContent,solS,1000.7352194312568,solubleMarker,0.0,solL,0.0,proton,5.099105863389594
endosome8p,initOrgProp,area,15393.804002589986,volume,134695.78502266237,xcoor,25.483607223197144,ycoor,1.532810381487967,
endosome8p,initRabContent,RabC,15393.804002589986
endosome8p,initMembraneContent,membraneMarker,0.0,memC3,27.21560086572299,memS3,0.0,memC2,0.0,memS2,0.0,memC1,0.0,memS1,0.0,memS,0.0
endosome8p,initSolubleContent,solS,31.961216244106254,solubleMarker,0.0,solL,0.0,proton,0.16285389180568188
endosome9S,initOrgProp,area,15393.804002589986,volume,134695.78502266237,xcoor,26.37054674979439,ycoor,1.7757956737800003,
endosome9S,initRabContent,RabC,15393.804002589986
endosome9S,initMembraneContent,membraneMarker,0.0,memC3,27.226595050710785,memS3,0.0,memC2,0.0,memS2,0.0,memC1,0.03861770798898956,memS1,0.0,memS,0.0
endosome9S,initSolubleContent,solS,29.10005094124699,solubleMarker,0.0,solL,0.0,proton,0.14827522555244954
endosome10A,initOrgProp,area,15393.804002589986,volume,134695.78502266237,xcoor,26.24215534473477,ycoor,2.9400632803945657,
endosome10A,initRabContent,RabC,15393.804002589986
endosome10A,initMembraneContent,membraneMarker,0.0,memC3,27.21560086572208,memS3,0.0,memC2,0.0,memS2,0.0,memC1,0.0,memS1,0.0,memS,0.0
endosome10A,initSolubleContent,solS,31.961216244107163,solubleMarker,0.0,solL,0.0,proton,0.16285389180568188
endosome11D,initOrgProp,area,15393.804002589986,volume,134695.78502266237,xcoor,24.526256587441534,ycoor,2.0499991643133084,
endosome11D,initRabContent,RabC,15393.804002589986
endosome11D,initMembraneContent,membraneMarker,0.0,memC3,27.21560086572208,memS3,0.0,memC2,0.0,memS2,0.0,memC1,0.0,memS1,0.0,memS,0.0
endosome11D,initSolubleContent,solS,31.961216244106254,solubleMarker,0.0,solL,0.0,proton,0.16285389180567478
endosome12z,initOrgProp,area,15393.804002589986,volume,134695.78502266237,xcoor,26.194995784785025,ycoor,2.769499512397788,
endosome12z,initRabContent,RabC,15393.804002589986
endosome12z,initMembraneContent,membraneMarker,0.0,memC3,27.21560086572208,memS3,0.0,memC2,0.0,memS2,0.0,memC1,0.0,memS1,0.0,memS,0.0
endosome12z,initSolubleContent,solS,31.961216244107163,solubleMarker,0.0,solL,0.0,proton,0.16285389180567833
endosome13N,initOrgProp,area,15393.804002589986,volume,134695.78502266237,xcoor,24.775070403608456,ycoor,1.7692324434568343,
endosome13N,initRabContent,RabC,15393.804002589986
endosome13N,initMembraneContent,membraneMarker,0.0,memC3,27.220652627133745,memS3,0.0,memC2,0.0,memS2,0.0,memC1,0.0,memS1,0.0,memS,0.0
endosome13N,initSolubleContent,solS,30.110313066188155,solubleMarker,0.0,solL,0.0,proton,0.1534228744258197
endosome14T,initOrgProp,area,15393.804002589986,volume,134695.78502266237,xcoor,26.292035783440525,ycoor,1.9459597251822234,
endosome14T,initRabContent,RabC,15393.804002589986
endosome14T,initMembraneContent,membraneMarker,0.0,memC3,27.21560086572208,memS3,0.0,memC2,0.0,memS2,0.0,memC1,0.0,memS1,0.0,memS,0.0
endosome14T,initSolubleContent,solS,31.961216244106254,solubleMarker,0.0,solL,0.0,proton,0.16285389180567478
endosome15E,initOrgProp,area,1204594.655400624,volume,1.0586466800430626E7,xcoor,25.0,ycoor,0.0938645711810071,
endosome15E,initRabContent,RabE,15393.80400258999,RabC,15393.804002590005,RabD,1173807.0473954442
endosome15E,initMembraneContent,membraneMarker,0.0,memC3,27.21859813266974,memS3,0.0,memC2,0.0,memS2,0.0,memC1,2.4519851043771577,memS1,0.0,memS,0.0
endosome15E,initSolubleContent,solS,2215.3967217323034,solubleMarker,0.0,solL,0.0,proton,11.288243077863692
endosome16x,initOrgProp,area,15393.804002589986,volume,134695.78502266237,xcoor,26.36356639302174,ycoor,1.7287556504806139,
endosome16x,initRabContent,RabC,15393.804002589986
endosome16x,initMembraneContent,membraneMarker,0.0,memC3,27.21560086572208,memS3,0.0,memC2,0.0,memS2,0.0,memC1,0.0,memS1,0.0,memS,0.0
endosome16x,initSolubleContent,solS,31.961216244106254,solubleMarker,0.0,solL,0.0,proton,0.16285389180567478
endosome17y,initOrgProp,area,850016.9032032713,volume,8149957.631291909,xcoor,25.0,ycoor,1.7147899028025098,
endosome17y,initRabContent,RabC,850016.9032032713
endosome17y,initMembraneContent,membraneMarker,0.0,memC3,1502.7942906642897,memS3,0.0,memC2,0.0,memS2,0.0,memC1,0.0,memS1,0.0,memS,0.0
endosome17y,initSolubleContent,solS,1764.8382459497684,solubleMarker,0.0,solL,0.0,proton,8.992485597709935
endosome18Z,initOrgProp,area,15393.804002589986,volume,134695.78502266237,xcoor,26.201584684139007,ycoor,1.5329682070439716,
endosome18Z,initRabContent,RabC,15393.804002589986
endosome18Z,initMembraneContent,membraneMarker,0.0,memC3,27.215600865722536,memS3,0.0,memC2,0.0,memS2,0.0,memC1,0.0,memS1,0.0,memS,0.0
endosome18Z,initSolubleContent,solS,31.9612162441058,solubleMarker,0.0,solL,0.0,proton,0.162853891805673
endosome19z,initOrgProp,area,2180632.8458966007,volume,1.9992730047225423E7,xcoor,25.0,ycoor,0.1494560447213097,
endosome19z,initRabContent,RabC,15393.804002590005,RabA,21715.676887993523,RabB,2143523.3650060175
endosome19z,initMembraneContent,membraneMarker,0.0,memC3,27.220691349192656,memS3,0.0,memC2,4472.352297329913,memS2,0.0,memC1,41.82193651312421,memS1,0.0,memS,0.0
endosome19z,initSolubleContent,solS,3852.435825560251,solubleMarker,0.0,solL,0.0,proton,19.62954608273966
endosome20S,initOrgProp,area,15393.804002589986,volume,134695.78502266237,xcoor,24.97494818798869,ycoor,1.9335188114320845,
endosome20S,initRabContent,RabC,15393.804002589986
endosome20S,initMembraneContent,membraneMarker,0.0,memC3,27.238686176590704,memS3,0.0,memC2,0.0,memS2,0.0,memC1,0.0,memS1,0.0,memS,0.0
endosome20S,initSolubleContent,solS,27.576998246719086,solubleMarker,0.0,solL,0.0,proton,0.14051472429884626
endosome21j,initOrgProp,area,1268856.4013055048,volume,1.1403417406295389E7,xcoor,25.0,ycoor,0.7604085648742218,
endosome21j,initRabContent,RabA,1253462.5973029148,RabB,15393.80400258999
endosome21j,initMembraneContent,membraneMarker,0.0,memC3,0.0,memS3,0.0,memC2,32.18593505123588,memS2,0.0,memC1,2378.328225321561,memS1,0.0,memS,0.0
endosome21j,initSolubleContent,solS,2020.6522030786605,solubleMarker,0.0,solL,0.0,proton,10.295949714296341
endosome22p,initOrgProp,area,15393.804002589986,volume,134695.78502266237,xcoor,24.040184132133646,ycoor,2.7029100504448627,
endosome22p,initRabContent,RabC,15393.804002589986
endosome22p,initMembraneContent,membraneMarker,0.0,memC3,27.22377105504023,memS3,0.0,memC2,0.0,memS2,0.0,memC1,0.0,memS1,0.0,memS,0.0
endosome22p,initSolubleContent,solS,27.947642441659355,solubleMarker,0.0,solL,0.0,proton,0.14240328977646222
endosome23R,initOrgProp,area,15393.804002589986,volume,134695.78502266237,xcoor,24.522122945340694,ycoor,1.6014048955898836,
endosome23R,initRabContent,RabC,15393.804002589986
endosome23R,initMembraneContent,membraneMarker,0.0,memC3,27.21560086572231,memS3,0.0,memC2,0.0,memS2,0.0,memC1,0.0,memS1,0.0,memS,0.0
endosome23R,initSolubleContent,solS,31.96121624410671,solubleMarker,0.0,solL,0.0,proton,0.16285389180567478
endosome24d,initOrgProp,area,15393.804002589986,volume,134695.78502266237,xcoor,24.061235108855946,ycoor,2.838672619276192,
endosome24d,initRabContent,RabC,15393.804002589986
endosome24d,initMembraneContent,membraneMarker,0.0,memC3,27.230150852027123,memS3,0.0,memC2,0.0,memS2,0.0,memC1,0.016432667603866524,memS1,0.0,memS,0.0
endosome24d,initSolubleContent,solS,28.484345714002984,solubleMarker,0.0,solL,0.0,proton,0.1451379859775841
endosome25k,initOrgProp,area,15393.804002589986,volume,134695.78502266237,xcoor,24.514702120581738,ycoor,2.1174058001014457,
endosome25k,initRabContent,RabC,15393.804002589986
endosome25k,initMembraneContent,membraneMarker,0.0,memC3,27.213888174058425,memS3,0.0,memC2,0.0,memS2,0.0,memC1,0.0,memS1,0.0,memS,0.0
endosome25k,initSolubleContent,solS,27.247309111265167,solubleMarker,0.0,solL,0.0,proton,0.1388348395790473
endosome26N,initOrgProp,area,15393.804002589986,volume,134695.78502266237,xcoor,25.698772738767367,ycoor,2.576549840208343,
endosome26N,initRabContent,RabC,15393.804002589986
endosome26N,initMembraneContent,membraneMarker,0.0,memC3,27.214955315645057,memS3,0.0,memC2,0.0,memS2,0.0,memC1,0.0,memS1,0.0,memS,0.0
endosome26N,initSolubleContent,solS,29.66319415111002,solubleMarker,0.0,solL,0.0,proton,0.15114464274450867
endosome27n,initOrgProp,area,15393.804002589986,volume,134695.78502266237,xcoor,26.35906670538007,ycoor,1.7107577937256702,
endosome27n,initRabContent,RabC,15393.804002589986
endosome27n,initMembraneContent,membraneMarker,0.0,memC3,26.771514600708457,memS3,0.0,memC2,0.0,memS2,0.0,memC1,0.017768075292710517,memS1,0.0,memS,0.0
endosome27n,initSolubleContent,solS,9.459155603906538,solubleMarker,0.0,solL,0.0,proton,0.048197799843605615
endosome28t,initOrgProp,area,15393.804002589986,volume,134695.78502266237,xcoor,25.388402866326206,ycoor,2.450987900205948,
endosome28t,initRabContent,RabC,15393.804002589986
endosome28t,initMembraneContent,membraneMarker,0.0,memC3,27.214955315645057,memS3,0.0,memC2,0.0,memS2,0.0,memC1,0.0,memS1,0.0,memS,0.0
endosome28t,initSolubleContent,solS,29.663194151109565,solubleMarker,0.0,solL,0.0,proton,0.15114464274450867
endosome29Z,initOrgProp,area,15393.804002589986,volume,134695.78502266237,xcoor,25.79761847596569,ycoor,2.411064329995396,
endosome29Z,initRabContent,RabC,15393.804002589986
endosome29Z,initMembraneContent,membraneMarker,0.0,memC3,26.77151460070843,memS3,0.0,memC2,0.0,memS2,0.0,memC1,0.01776807529271074,memS1,0.0,memS,0.0
endosome29Z,initSolubleContent,solS,9.459155603906652,solubleMarker,0.0,solL,0.0,proton,0.048197799843606504
endosome30v,initOrgProp,area,15393.804002589986,volume,134695.78502266237,xcoor,24.03970089713446,ycoor,2.8689166238746715,
endosome30v,initRabContent,RabC,15393.804002589986
endosome30v,initMembraneContent,membraneMarker,0.0,memC3,27.21560086572231,memS3,0.0,memC2,0.0,memS2,0.0,memC1,0.0,memS1,0.0,memS,0.0
endosome30v,initSolubleContent,solS,31.961216244106254,solubleMarker,0.0,solL,0.0,proton,0.162853891805673
endosome31T,initOrgProp,area,15393.804002589986,volume,134695.78502266237,xcoor,25.0,ycoor,2.9634999050592503,
endosome31T,initRabContent,RabC,15393.804002589986
endosome31T,initMembraneContent,membraneMarker,0.0,memC3,27.214955315645057,memS3,0.0,memC2,0.0,memS2,0.0,memC1,0.0,memS1,0.0,memS,0.0
endosome31T,initSolubleContent,solS,29.66319415111002,solubleMarker,0.0,solL,0.0,proton,0.15114464274451223
endosome32B,initOrgProp,area,15393.804002589986,volume,134695.78502266237,xcoor,26.228750441993444,ycoor,1.970519931266432,
endosome32B,initRabContent,RabC,15393.804002589986
endosome32B,initMembraneContent,membraneMarker,0.0,memC3,27.230150852027123,memS3,0.0,memC2,0.0,memS2,0.0,memC1,0.016432667603866524,memS1,0.0,memS,0.0
endosome32B,initSolubleContent,solS,28.484345714002984,solubleMarker,0.0,solL,0.0,proton,0.14513798597758498
endosome33K,initOrgProp,area,15393.804002589986,volume,134695.78502266237,xcoor,24.3925270489579,ycoor,2.280254066987385,
endosome33K,initRabContent,RabC,15393.804002589986
endosome33K,initMembraneContent,membraneMarker,0.0,memC3,27.214955315645057,memS3,0.0,memC2,0.0,memS2,0.0,memC1,0.0,memS1,0.0,memS,0.0
endosome33K,initSolubleContent,solS,29.663194151109565,solubleMarker,0.0,solL,0.0,proton,0.15114464274450867
endosome34L,initOrgProp,area,15393.804002589986,volume,134695.78502266237,xcoor,25.23681897650856,ycoor,1.6123893617312266,
endosome34L,initRabContent,RabC,15393.804002589986
endosome34L,initMembraneContent,membraneMarker,0.0,memC3,27.215600865722195,memS3,0.0,memC2,0.0,memS2,0.0,memC1,0.0,memS1,0.0,memS,0.0
endosome34L,initSolubleContent,solS,31.96121624410648,solubleMarker,0.0,solL,0.0,proton,0.16285389180567478
endosome35Y,initOrgProp,area,15393.804002589986,volume,134695.78502266237,xcoor,25.142532252534767,ycoor,2.6370699236590998,
endosome35Y,initRabContent,RabC,15393.804002589986
endosome35Y,initMembraneContent,membraneMarker,0.0,memC3,27.215600865721854,memS3,0.0,memC2,0.0,memS2,0.0,memC1,0.0,memS1,0.0,memS,0.0
endosome35Y,initSolubleContent,solS,31.96121624410671,solubleMarker,0.0,solL,0.0,proton,0.16285389180567478
endosome36m,initOrgProp,area,15393.804002589986,volume,134695.78502266237,xcoor,25.424632323254738,ycoor,2.758876256439548,
endosome36m,initRabContent,RabC,15393.804002589986
endosome36m,initMembraneContent,membraneMarker,0.0,memC3,27.21560086572208,memS3,0.0,memC2,0.0,memS2,0.0,memC1,0.0,memS1,0.0,memS,0.0
endosome36m,initSolubleContent,solS,31.96121624410648,solubleMarker,0.0,solL,0.0,proton,0.16285389180567478
endosome37x,initOrgProp,area,15393.804002589986,volume,134695.78502266237,xcoor,23.738875284471487,ycoor,1.922689100194167,
endosome37x,initRabContent,RabC,15393.804002589986
endosome37x,initMembraneContent,membraneMarker,0.0,memC3,27.21560086572231,memS3,0.0,memC2,0.0,memS2,0.0,memC1,0.0,memS1,0.0,memS,0.0
endosome37x,initSolubleContent,solS,31.96121624410671,solubleMarker,0.0,solL,0.0,proton,0.16285389180567478
endosome38D,initOrgProp,area,15393.804002589986,volume,134695.78502266237,xcoor,25.677925522807147,ycoor,2.121953241684556,
endosome38D,initRabContent,RabC,15393.804002589986
endosome38D,initMembraneContent,membraneMarker,0.0,memC3,27.21560086572231,memS3,0.0,memC2,0.0,memS2,0.0,memC1,0.0,memS1,0.0,memS,0.0
endosome38D,initSolubleContent,solS,31.96121624410671,solubleMarker,0.0,solL,0.0,proton,0.16285389180567478
endosome39K,initOrgProp,area,15393.804002589986,volume,134695.78502266237,xcoor,25.25185623122141,ycoor,1.5111337934906366,
endosome39K,initRabContent,RabC,15393.804002589986
endosome39K,initMembraneContent,membraneMarker,0.0,memC3,27.214955315645057,memS3,0.0,memC2,0.0,memS2,0.0,memC1,0.0,memS1,0.0,memS,0.0
endosome39K,initSolubleContent,solS,29.663194151109565,solubleMarker,0.0,solL,0.0,proton,0.15114464274451223
endosome40M,initOrgProp,area,15393.804002589986,volume,134695.78502266237,xcoor,25.29702105589957,ycoor,1.9772850102880464,
endosome40M,initRabContent,RabC,15393.804002589986
endosome40M,initMembraneContent,membraneMarker,0.0,memC3,27.214955315645057,memS3,0.0,memC2,0.0,memS2,0.0,memC1,0.0,memS1,0.0,memS,0.0
endosome40M,initSolubleContent,solS,29.663194151109565,solubleMarker,0.0,solL,0.0,proton,0.15114464274451223
endosome41t,initOrgProp,area,15393.804002589986,volume,134695.78502266237,xcoor,25.438107575480824,ycoor,2.630738859958495,
endosome41t,initRabContent,RabC,15393.804002589986
endosome41t,initMembraneContent,membraneMarker,0.0,memC3,27.21560086572208,memS3,0.0,memC2,0.0,memS2,0.0,memC1,0.0,memS1,0.0,memS,0.0
endosome41t,initSolubleContent,solS,31.961216244106254,solubleMarker,0.0,solL,0.0,proton,0.16285389180567478
endosome42v,initOrgProp,area,15393.804002589986,volume,134695.78502266237,xcoor,24.76500752518108,ycoor,2.4839323699791476,
endosome42v,initRabContent,RabC,15393.804002589986
endosome42v,initMembraneContent,membraneMarker,0.0,memC3,27.21560086572231,memS3,0.0,memC2,0.0,memS2,0.0,memC1,0.0,memS1,0.0,memS,0.0
endosome42v,initSolubleContent,solS,31.961216244106254,solubleMarker,0.0,solL,0.0,proton,0.16285389180567478
endosome43y,initOrgProp,area,15393.804002589986,volume,134695.78502266237,xcoor,24.023999071993966,ycoor,2.6036505292297862,
endosome43y,initRabContent,RabC,15393.804002589986
endosome43y,initMembraneContent,membraneMarker,0.0,memC3,27.214955315645057,memS3,0.0,memC2,0.0,memS2,0.0,memC1,0.0,memS1,0.0,memS,0.0
endosome43y,initSolubleContent,solS,29.663194151109565,solubleMarker,0.0,solL,0.0,proton,0.15114464274450867
endosome44A,initOrgProp,area,15393.804002589986,volume,134695.78502266237,xcoor,24.958939207343853,ycoor,1.9749513934229481,
endosome44A,initRabContent,RabC,15393.804002589986
endosome44A,initMembraneContent,membraneMarker,0.0,memC3,27.21560086572231,memS3,0.0,memC2,0.0,memS2,0.0,memC1,0.0,memS1,0.0,memS,0.0
endosome44A,initSolubleContent,solS,31.96121624410648,solubleMarker,0.0,solL,0.0,proton,0.16285389180567478
endosome45m,initOrgProp,area,15393.804002589986,volume,134695.78502266237,xcoor,24.74312111680547,ycoor,2.31004222844699,
endosome45m,initRabContent,RabC,15393.804002589986
endosome45m,initMembraneContent,membraneMarker,0.0,memC3,27.214955315645057,memS3,0.0,memC2,0.0,memS2,0.0,memC1,0.0,memS1,0.0,memS,0.0
endosome45m,initSolubleContent,solS,29.663194151109565,solubleMarker,0.0,solL,0.0,proton,0.15114464274451223
endosome46M,initOrgProp,area,15393.804002589986,volume,134695.78502266237,xcoor,25.103876317801546,ycoor,2.811875998120561,
endosome46M,initRabContent,RabC,15393.804002589986
endosome46M,initMembraneContent,membraneMarker,0.0,memC3,27.22377105504019,memS3,0.0,memC2,0.0,memS2,0.0,memC1,0.0,memS1,0.0,memS,0.0
endosome46M,initSolubleContent,solS,27.947642441659355,solubleMarker,0.0,solL,0.0,proton,0.142403289776464
endosome47y,initOrgProp,area,15393.804002589986,volume,134695.78502266237,xcoor,25.216752967124894,ycoor,1.9199827005174388,
endosome47y,initRabContent,RabC,15393.804002589986
endosome47y,initMembraneContent,membraneMarker,0.0,memC3,27.219984705778216,memS3,0.0,memC2,0.0,memS2,0.0,memC1,0.03004275133901979,memS1,0.0,memS,0.0
endosome47y,initSolubleContent,solS,28.44483461824848,solubleMarker,0.0,solL,0.0,proton,0.14493666273431494
endosome48o,initOrgProp,area,15393.804002589986,volume,134695.78502266237,xcoor,25.35392088767806,ycoor,2.0575873094370856,
endosome48o,initRabContent,RabC,15393.804002589986
endosome48o,initMembraneContent,membraneMarker,0.0,memC3,27.230150852027077,memS3,0.0,memC2,0.0,memS2,0.0,memC1,0.016432667603866635,memS1,0.0,memS,0.0
endosome48o,initSolubleContent,solS,28.484345714002984,solubleMarker,0.0,solL,0.0,proton,0.14513798597758498
endosome49V,initOrgProp,area,15393.804002589986,volume,134695.78502266237,xcoor,24.446925910430476,ycoor,2.047145989258679,
endosome49V,initRabContent,RabC,15393.804002589986
endosome49V,initMembraneContent,membraneMarker,0.0,memC3,27.21560086572231,memS3,0.0,memC2,0.0,memS2,0.0,memC1,0.0,memS1,0.0,memS,0.0
endosome49V,initSolubleContent,solS,31.96121624410648,solubleMarker,0.0,solL,0.0,proton,0.16285389180567478
endosome50L,initOrgProp,area,15393.804002589986,volume,134695.78502266237,xcoor,24.8828509786064,ycoor,2.3580899869592344,
endosome50L,initRabContent,RabC,15393.804002589986
endosome50L,initMembraneContent,membraneMarker,0.0,memC3,27.22377105504016,memS3,0.0,memC2,0.0,memS2,0.0,memC1,0.0,memS1,0.0,memS,0.0
endosome50L,initSolubleContent,solS,27.947642441659355,solubleMarker,0.0,solL,0.0,proton,0.14240328977646222
endosome51t,initOrgProp,area,15393.804002589986,volume,134695.78502266237,xcoor,24.96214509047902,ycoor,2.4378036104357155,
endosome51t,initRabContent,RabA,15393.804002589986
endosome51t,initMembraneContent,membraneMarker,0.0,memC3,0.0,memS3,0.0,memC2,0.0,memS2,0.0,memC1,28.892288774253302,memS1,0.0,memS,0.0
endosome51t,initSolubleContent,solS,24.252218444519713,solubleMarker,0.0,solL,0.0,proton,0.12357377542976522
endosome52U,initOrgProp,area,15393.804002589986,volume,134695.78502266237,xcoor,24.728530676884837,ycoor,1.6553352872718967,
endosome52U,initRabContent,RabC,15393.804002589986
endosome52U,initMembraneContent,membraneMarker,0.0,memC3,27.214955315644602,memS3,0.0,memC2,0.0,memS2,0.0,memC1,0.0,memS1,0.0,memS,0.0
endosome52U,initSolubleContent,solS,29.663194151109565,solubleMarker,0.0,solL,0.0,proton,0.15114464274451223
endosome53K,initOrgProp,area,15393.804002589986,volume,134695.78502266237,xcoor,24.493882221995317,ycoor,1.9336163548131924,
endosome53K,initRabContent,RabC,15393.804002589986
endosome53K,initMembraneContent,membraneMarker,0.0,memC3,27.215600865721854,memS3,0.0,memC2,0.0,memS2,0.0,memC1,0.0,memS1,0.0,memS,0.0
endosome53K,initSolubleContent,solS,31.96121624410671,solubleMarker,0.0,solL,0.0,proton,0.16285389180567478
endosome54M,initOrgProp,area,15393.804002589986,volume,134695.78502266237,xcoor,25.068266668142073,ycoor,2.677269527411027,
endosome54M,initRabContent,RabC,15393.804002589986
endosome54M,initMembraneContent,membraneMarker,0.0,memC3,27.214955315644602,memS3,0.0,memC2,0.0,memS2,0.0,memC1,0.0,memS1,0.0,memS,0.0
endosome54M,initSolubleContent,solS,29.663194151109565,solubleMarker,0.0,solL,0.0,proton,0.15114464274451223
endosome55c,initOrgProp,area,15393.804002589986,volume,134695.78502266237,xcoor,24.790821860565035,ycoor,2.198563916926725,
endosome55c,initRabContent,RabC,15393.804002589986
endosome55c,initMembraneContent,membraneMarker,0.0,memC3,27.21560086572231,memS3,0.0,memC2,0.0,memS2,0.0,memC1,0.0,memS1,0.0,memS,0.0
endosome55c,initSolubleContent,solS,31.96121624410671,solubleMarker,0.0,solL,0.0,proton,0.16285389180567478
endosome56i,initOrgProp,area,15393.804002589986,volume,134695.78502266237,xcoor,24.765010339128672,ycoor,1.8991130447764346,
endosome56i,initRabContent,RabC,15393.804002589986
endosome56i,initMembraneContent,membraneMarker,0.0,memC3,27.214955315645057,memS3,0.0,memC2,0.0,memS2,0.0,memC1,0.0,memS1,0.0,memS,0.0
endosome56i,initSolubleContent,solS,29.663194151109565,solubleMarker,0.0,solL,0.0,proton,0.15114464274451223
endosome57K,initOrgProp,area,15393.804002589986,volume,134695.78502266237,xcoor,25.0,ycoor,2.5653534532942155,
endosome57K,initRabContent,RabC,15393.804002589986
endosome57K,initMembraneContent,membraneMarker,0.0,memC3,27.214955315645057,memS3,0.0,memC2,0.0,memS2,0.0,memC1,0.0,memS1,0.0,memS,0.0
endosome57K,initSolubleContent,solS,29.663194151109565,solubleMarker,0.0,solL,0.0,proton,0.15114464274451223
endosome58U,initOrgProp,area,15393.804002589986,volume,134695.78502266237,xcoor,24.018550292459828,ycoor,2.1188677737183035,
endosome58U,initRabContent,RabB,15393.804002589986
endosome58U,initMembraneContent,membraneMarker,0.0,memC3,0.0,memS3,0.0,memC2,32.19368934635395,memS2,0.0,memC1,0.0,memS1,0.0,memS,0.0
endosome58U,initSolubleContent,solS,27.247309111266077,solubleMarker,0.0,solL,0.0,proton,0.13883483957905085
endosome59r,initOrgProp,area,15393.804002589986,volume,134695.78502266237,xcoor,24.910808889249697,ycoor,1.9146151584611368,
endosome59r,initRabContent,RabC,15393.804002589986
endosome59r,initMembraneContent,membraneMarker,0.0,memC3,27.223771055040146,memS3,0.0,memC2,0.0,memS2,0.0,memC1,0.0,memS1,0.0,memS,0.0
endosome59r,initSolubleContent,solS,27.947642441659355,solubleMarker,0.0,solL,0.0,proton,0.14240328977646222
endosome60D,initOrgProp,area,15393.804002589986,volume,134695.78502266237,xcoor,26.294772688511646,ycoor,2.4849657543150823,
endosome60D,initRabContent,RabC,15393.804002589986
endosome60D,initMembraneContent,membraneMarker,0.0,memC3,27.214955315644602,memS3,0.0,memC2,0.0,memS2,0.0,memC1,0.0,memS1,0.0,memS,0.0
endosome60D,initSolubleContent,solS,29.663194151109565,solubleMarker,0.0,solL,0.0,proton,0.15114464274451223
endosome61p,initOrgProp,area,15393.804002589986,volume,134695.78502266237,xcoor,24.68407301064198,ycoor,2.591453231871423,
endosome61p,initRabContent,RabC,15393.804002589986
endosome61p,initMembraneContent,membraneMarker,0.0,memC3,27.214955315644602,memS3,0.0,memC2,0.0,memS2,0.0,memC1,0.0,memS1,0.0,memS,0.0
endosome61p,initSolubleContent,solS,29.66319415111002,solubleMarker,0.0,solL,0.0,proton,0.15114464274451578
endosome62c,initOrgProp,area,49290.89013636978,volume,393466.0512070727,xcoor,25.292987466591857,ycoor,2.201272995769205,
endosome62c,initRabContent,RabE,49290.89013636978
endosome62c,initMembraneContent,membraneMarker,0.0,memC3,0.0,memS3,0.0,memC2,0.0,memS2,0.0,memC1,0.10919914494594085,memS1,0.0,memS,0.0
endosome62c,initSolubleContent,solS,89.82048076656224,solubleMarker,0.0,solL,0.0,proton,0.45766765397698883
endosome63e,initOrgProp,area,15393.804002589986,volume,134695.78502266237,xcoor,25.464641486545187,ycoor,2.3784492368532884,
endosome63e,initRabContent,RabC,15393.804002589986
endosome63e,initMembraneContent,membraneMarker,0.0,memC3,27.21560086572231,memS3,0.0,memC2,0.0,memS2,0.0,memC1,0.0,memS1,0.0,memS,0.0
endosome63e,initSolubleContent,solS,31.96121624410671,solubleMarker,0.0,solL,0.0,proton,0.16285389180567478
endosome64M,initOrgProp,area,15393.804002589986,volume,134695.78502266237,xcoor,24.716913034870498,ycoor,1.5852083060248536,
endosome64M,initRabContent,RabC,15393.804002589986
endosome64M,initMembraneContent,membraneMarker,0.0,memC3,27.219984705778216,memS3,0.0,memC2,0.0,memS2,0.0,memC1,0.03004275133901979,memS1,0.0,memS,0.0
endosome64M,initSolubleContent,solS,28.44483461824848,solubleMarker,0.0,solL,0.0,proton,0.1449366627343167
endosome65u,initOrgProp,area,15393.804002589986,volume,134695.78502266237,xcoor,25.2179990203185,ycoor,2.120558583958015,
endosome65u,initRabContent,RabB,15393.804002589986
endosome65u,initMembraneContent,membraneMarker,0.0,memC3,0.0,memS3,0.0,memC2,31.95126132690835,memS2,0.0,memC1,0.034103466784583425,memS1,0.0,memS,0.0
endosome65u,initSolubleContent,solS,28.051408130660775,solubleMarker,0.0,solL,0.0,proton,0.14293201328187344
endosome66Z,initOrgProp,area,15393.804002589986,volume,134695.78502266237,xcoor,24.96770512435272,ycoor,2.8690627540446547,
endosome66Z,initRabContent,RabC,15393.804002589986
endosome66Z,initMembraneContent,membraneMarker,0.0,memC3,27.214955315645057,memS3,0.0,memC2,0.0,memS2,0.0,memC1,0.0,memS1,0.0,memS,0.0
endosome66Z,initSolubleContent,solS,29.663194151109565,solubleMarker,0.0,solL,0.0,proton,0.15114464274450867
endosome67b,initOrgProp,area,15393.804002589986,volume,134695.78502266237,xcoor,24.91160407988834,ycoor,1.7246168299051976,
endosome67b,initRabContent,RabB,15393.804002589986
endosome67b,initMembraneContent,membraneMarker,0.0,memC3,0.0,memS3,0.0,memC2,32.18468572146185,memS2,0.0,memC1,0.0,memS1,0.0,memS,0.0
endosome67b,initSolubleContent,solS,27.947642441659355,solubleMarker,0.0,solL,0.0,proton,0.14240328977646222
endosome68D,initOrgProp,area,15393.804002589986,volume,134695.78502266237,xcoor,25.0,ycoor,2.957187759432135,
endosome68D,initRabContent,RabC,15393.804002589986
endosome68D,initMembraneContent,membraneMarker,0.0,memC3,27.214955315645057,memS3,0.0,memC2,0.0,memS2,0.0,memC1,0.0,memS1,0.0,memS,0.0
endosome68D,initSolubleContent,solS,29.66319415111002,solubleMarker,0.0,solL,0.0,proton,0.15114464274451045
endosome69h,initOrgProp,area,15393.804002589986,volume,134695.78502266237,xcoor,25.0,ycoor,2.861142322058984,
endosome69h,initRabContent,RabD,15393.804002589986
endosome69h,initMembraneContent,membraneMarker,0.0,memC3,0.0,memS3,0.0,memC2,0.0,memS2,0.0,memC1,0.03133450571511842,memS1,0.0,memS,0.0
endosome69h,initSolubleContent,solS,28.311086031661944,solubleMarker,0.0,solL,0.0,proton,0.1442551655821802
endosome70e,initOrgProp,area,15393.804002589986,volume,134695.78502266237,xcoor,24.970948713108015,ycoor,2.5707522112400802,
endosome70e,initRabContent,RabC,15393.804002589986
endosome70e,initMembraneContent,membraneMarker,0.0,memC3,27.220691349192705,memS3,0.0,memC2,0.0,memS2,0.0,memC1,0.0,memS1,0.0,memS,0.0
endosome70e,initSolubleContent,solS,27.19561073420755,solubleMarker,0.0,solL,0.0,proton,0.13857141775431003
endosome71r,initOrgProp,area,15393.804002589986,volume,134695.78502266237,xcoor,25.39382076818318,ycoor,2.5073638322634766,
endosome71r,initRabContent,RabB,15393.804002589986
endosome71r,initMembraneContent,membraneMarker,0.0,memC3,0.0,memS3,0.0,memC2,32.11838780000289,memS2,0.0,memC1,0.0,memS1,0.0,memS,0.0
endosome71r,initSolubleContent,solS,27.19561073420755,solubleMarker,0.0,solL,0.0,proton,0.13857141775431003
endosome72R,initOrgProp,area,15393.804002589986,volume,134695.78502266237,xcoor,25.46926483411018,ycoor,2.9634442881332412,
endosome72R,initRabContent,RabC,15393.804002589986
endosome72R,initMembraneContent,membraneMarker,0.0,memC3,27.22069134919269,memS3,0.0,memC2,0.0,memS2,0.0,memC1,0.0,memS1,0.0,memS,0.0
endosome72R,initSolubleContent,solS,27.19561073420755,solubleMarker,0.0,solL,0.0,proton,0.13857141775430648
endosome73z,initOrgProp,area,15393.804002589986,volume,134695.78502266237,xcoor,24.792289539208504,ycoor,1.9415805318602137,
endosome73z,initRabContent,RabB,15393.804002589986
endosome73z,initMembraneContent,membraneMarker,0.0,memC3,0.0,memS3,0.0,memC2,32.22112599525377,memS2,0.0,memC1,0.0,memS1,0.0,memS,0.0
endosome73z,initSolubleContent,solS,24.27606921152733,solubleMarker,0.0,solL,0.0,proton,0.12369530366573933
endosome74P,initOrgProp,area,15393.804002589986,volume,134695.78502266237,xcoor,25.205254470066834,ycoor,2.2098139361745908,
endosome74P,initRabContent,RabA,15393.804002589986
endosome74P,initMembraneContent,membraneMarker,0.0,memC3,0.0,memS3,0.0,memC2,0.0,memS2,0.0,memC1,29.20830556348892,memS1,0.0,memS,0.0
endosome74P,initSolubleContent,solS,24.514613268759604,solubleMarker,0.0,solL,0.0,proton,0.12491077143113039
endosome75B,initOrgProp,area,15393.804002589986,volume,134695.78502266237,xcoor,25.0,ycoor,1.8687416426286765,
endosome75B,initRabContent,RabC,15393.804002589986
endosome75B,initMembraneContent,membraneMarker,0.0,memC3,27.214955315645057,memS3,0.0,memC2,0.0,memS2,0.0,memC1,0.0,memS1,0.0,memS,0.0
endosome75B,initSolubleContent,solS,29.66319415111002,solubleMarker,0.0,solL,0.0,proton,0.15114464274451045
endosome76n,initOrgProp,area,15393.804002589986,volume,134695.78502266237,xcoor,25.414987845654984,ycoor,2.3901793347002984,
endosome76n,initRabContent,RabB,15393.804002589986
endosome76n,initMembraneContent,membraneMarker,0.0,memC3,0.0,memS3,0.0,memC2,32.18468572146094,memS2,0.0,memC1,0.0,memS1,0.0,memS,0.0
endosome76n,initSolubleContent,solS,27.947642441659355,solubleMarker,0.0,solL,0.0,proton,0.14240328977646222
endosome77S,initOrgProp,area,15393.804002589986,volume,134695.78502266237,xcoor,25.018531664022717,ycoor,1.7727266576184357,
endosome77S,initRabContent,RabD,15393.804002589986
endosome77S,initMembraneContent,membraneMarker,0.0,memC3,0.0,memS3,0.0,memC2,0.0,memS2,0.0,memC1,0.030042751339020235,memS1,0.0,memS,0.0
endosome77S,initSolubleContent,solS,28.444834618248933,solubleMarker,0.0,solL,0.0,proton,0.1449366627343167
endosome78k,initOrgProp,area,15393.804002589986,volume,134695.78502266237,xcoor,25.43430026881891,ycoor,2.7385367750933813,
endosome78k,initRabContent,RabC,15393.804002589986
endosome78k,initMembraneContent,membraneMarker,0.0,memC3,27.22069134919267,memS3,0.0,memC2,0.0,memS2,0.0,memC1,0.0,memS1,0.0,memS,0.0
endosome78k,initSolubleContent,solS,27.19561073420755,solubleMarker,0.0,solL,0.0,proton,0.13857141775431003
endosome79R,initOrgProp,area,15393.804002589986,volume,134695.78502266237,xcoor,25.0,ycoor,1.8494802925300573,
endosome79R,initRabContent,RabD,15393.804002589986
endosome79R,initMembraneContent,membraneMarker,0.0,memC3,0.0,memS3,0.0,memC2,0.0,memS2,0.0,memC1,0.016432667603866524,memS1,0.0,memS,0.0
endosome79R,initSolubleContent,solS,28.484345714002757,solubleMarker,0.0,solL,0.0,proton,0.1451379859775841
endosome80p,initOrgProp,area,15393.804002589986,volume,134695.78502266237,xcoor,24.31099078107409,ycoor,1.7660280901179055,
endosome80p,initRabContent,RabC,15393.804002589986
endosome80p,initMembraneContent,membraneMarker,0.0,memC3,27.214955315645057,memS3,0.0,memC2,0.0,memS2,0.0,memC1,0.0,memS1,0.0,memS,0.0
endosome80p,initSolubleContent,solS,29.66319415111002,solubleMarker,0.0,solL,0.0,proton,0.15114464274451223
endosome81a,initOrgProp,area,15393.804002589986,volume,134695.78502266237,xcoor,25.231110114641794,ycoor,2.056478501534877,
endosome81a,initRabContent,RabA,15393.804002589986
endosome81a,initMembraneContent,membraneMarker,0.0,memC3,0.0,memS3,0.0,memC2,0.0,memS2,0.0,memC1,29.20830556348892,memS1,0.0,memS,0.0
endosome81a,initSolubleContent,solS,24.514613268759604,solubleMarker,0.0,solL,0.0,proton,0.12491077143113216
endosome82O,initOrgProp,area,15393.804002589986,volume,134695.78502266237,xcoor,24.303471960092928,ycoor,2.4373787127787647,
endosome82O,initRabContent,RabD,15393.804002589986
endosome82O,initMembraneContent,membraneMarker,0.0,memC3,0.0,memS3,0.0,memC2,0.0,memS2,0.0,memC1,0.03133450571511842,memS1,0.0,memS,0.0
endosome82O,initSolubleContent,solS,28.311086031661944,solubleMarker,0.0,solL,0.0,proton,0.1442551655821802
endosome83k,initOrgProp,area,15393.804002589986,volume,134695.78502266237,xcoor,25.158588778952044,ycoor,2.0876312477359016,
endosome83k,initRabContent,RabB,15393.804002589986
endosome83k,initMembraneContent,membraneMarker,0.0,memC3,0.0,memS3,0.0,memC2,32.18468572146139,memS2,0.0,memC1,0.0,memS1,0.0,memS,0.0
endosome83k,initSolubleContent,solS,27.947642441659355,solubleMarker,0.0,solL,0.0,proton,0.14240328977646222
endosome84S,initOrgProp,area,15393.804002589986,volume,134695.78502266237,xcoor,25.0,ycoor,1.5802918123383403,
endosome84S,initRabContent,RabA,15393.804002589986
endosome84S,initMembraneContent,membraneMarker,0.0,memC3,0.0,memS3,0.0,memC2,0.0,memS2,0.0,memC1,32.10242674629171,memS1,0.0,memS,0.0
endosome84S,initSolubleContent,solS,27.076179502188552,solubleMarker,0.0,solL,0.0,proton,0.13796287267301643
endosome85r,initOrgProp,area,15393.804002589986,volume,134695.78502266237,xcoor,25.66349160747476,ycoor,2.2663630063453275,
endosome85r,initRabContent,RabD,15393.804002589986
endosome85r,initMembraneContent,membraneMarker,0.0,memC3,0.0,memS3,0.0,memC2,0.0,memS2,0.0,memC1,0.03004275133901979,memS1,0.0,memS,0.0
endosome85r,initSolubleContent,solS,28.444834618248933,solubleMarker,0.0,solL,0.0,proton,0.1449366627343167
endosome86P,initOrgProp,area,15393.804002589986,volume,134695.78502266237,xcoor,24.81503380103093,ycoor,2.328060321899954,
endosome86P,initRabContent,RabB,15393.804002589986
endosome86P,initMembraneContent,membraneMarker,0.0,memC3,0.0,memS3,0.0,memC2,32.11838780000289,memS2,0.0,memC1,0.0,memS1,0.0,memS,0.0
endosome86P,initSolubleContent,solS,27.19561073420664,solubleMarker,0.0,solL,0.0,proton,0.13857141775430648
endosome87q,initOrgProp,area,15393.804002589986,volume,134695.78502266237,xcoor,25.356043902579227,ycoor,2.367874792835249,
endosome87q,initRabContent,RabC,15393.804002589986
endosome87q,initMembraneContent,membraneMarker,0.0,memC3,27.21560086572231,memS3,0.0,memC2,0.0,memS2,0.0,memC1,0.0,memS1,0.0,memS,0.0
endosome87q,initSolubleContent,solS,31.96121624410671,solubleMarker,0.0,solL,0.0,proton,0.16285389180567478
endosome88K,initOrgProp,area,15393.804002589986,volume,134695.78502266237,xcoor,24.79006005897296,ycoor,2.3442619399546474,
endosome88K,initRabContent,RabC,15393.804002589986
endosome88K,initMembraneContent,membraneMarker,0.0,memC3,27.214955315644602,memS3,0.0,memC2,0.0,memS2,0.0,memC1,0.0,memS1,0.0,memS,0.0
endosome88K,initSolubleContent,solS,29.66319415111002,solubleMarker,0.0,solL,0.0,proton,0.15114464274451223
endosome89i,initOrgProp,area,15393.804002589986,volume,134695.78502266237,xcoor,24.992047753926162,ycoor,2.398903383845524,
endosome89i,initRabContent,RabB,15393.804002589986
endosome89i,initMembraneContent,membraneMarker,0.0,memC3,0.0,memS3,0.0,memC2,32.11838780000289,memS2,0.0,memC1,0.0,memS1,0.0,memS,0.0
endosome89i,initSolubleContent,solS,27.195610734208003,solubleMarker,0.0,solL,0.0,proton,0.13857141775431003
endosome90g,initOrgProp,area,15393.804002589986,volume,134695.78502266237,xcoor,25.08272938436541,ycoor,2.8087792063475807,
endosome90g,initRabContent,RabD,15393.804002589986
endosome90g,initMembraneContent,membraneMarker,0.0,memC3,0.0,memS3,0.0,memC2,0.0,memS2,0.0,memC1,0.016432667603866524,memS1,0.0,memS,0.0
endosome90g,initSolubleContent,solS,28.484345714002757,solubleMarker,0.0,solL,0.0,proton,0.14513798597758498
endosome91z,initOrgProp,area,15393.804002589986,volume,134695.78502266237,xcoor,24.907628585480193,ycoor,1.5084372951081284,
endosome91z,initRabContent,RabC,15393.804002589986
endosome91z,initMembraneContent,membraneMarker,0.0,memC3,27.214955315644602,memS3,0.0,memC2,0.0,memS2,0.0,memC1,0.0,memS1,0.0,memS,0.0
endosome91z,initSolubleContent,solS,29.663194151109565,solubleMarker,0.0,solL,0.0,proton,0.15114464274451223
endosome92h,initOrgProp,area,15393.804002589986,volume,134695.78502266237,xcoor,25.2343131939559,ycoor,2.281237128089418,
endosome92h,initRabContent,RabB,15393.804002589986
endosome92h,initMembraneContent,membraneMarker,0.0,memC3,0.0,memS3,0.0,memC2,32.18468572146094,memS2,0.0,memC1,0.0,memS1,0.0,memS,0.0
endosome92h,initSolubleContent,solS,27.947642441659355,solubleMarker,0.0,solL,0.0,proton,0.14240328977646222
endosome93E,initOrgProp,area,15393.804002589986,volume,134695.78502266237,xcoor,24.992578513708878,ycoor,2.7410502072422727,
endosome93E,initRabContent,RabB,15393.804002589986
endosome93E,initMembraneContent,membraneMarker,0.0,memC3,0.0,memS3,0.0,memC2,31.95126132690833,memS2,0.0,memC1,0.034103466784583425,memS1,0.0,memS,0.0
endosome93E,initSolubleContent,solS,28.051408130660548,solubleMarker,0.0,solL,0.0,proton,0.14293201328187344
endosome94r,initOrgProp,area,15393.804002589986,volume,134695.78502266237,xcoor,24.03926885518242,ycoor,2.864949894046499,
endosome94r,initRabContent,RabB,15393.804002589986
endosome94r,initMembraneContent,membraneMarker,0.0,memC3,0.0,memS3,0.0,memC2,32.18468572146139,memS2,0.0,memC1,0.0,memS1,0.0,memS,0.0
endosome94r,initSolubleContent,solS,27.947642441659355,solubleMarker,0.0,solL,0.0,proton,0.14240328977646222
endosome95S,initOrgProp,area,15393.804002589986,volume,134695.78502266237,xcoor,25.0,ycoor,2.8330475215695827,
endosome95S,initRabContent,RabD,15393.804002589986
endosome95S,initMembraneContent,membraneMarker,0.0,memC3,0.0,memS3,0.0,memC2,0.0,memS2,0.0,memC1,0.034103466784583425,memS1,0.0,memS,0.0
endosome95S,initSolubleContent,solS,28.051408130660548,solubleMarker,0.0,solL,0.0,proton,0.14293201328187166
endosome96n,initOrgProp,area,15393.804002589986,volume,134695.78502266237,xcoor,25.0,ycoor,1.9443595318476634,
endosome96n,initRabContent,RabC,15393.804002589986
endosome96n,initMembraneContent,membraneMarker,0.0,memC3,27.219984705778188,memS3,0.0,memC2,0.0,memS2,0.0,memC1,0.03004275133901979,memS1,0.0,memS,0.0
endosome96n,initSolubleContent,solS,28.444834618248933,solubleMarker,0.0,solL,0.0,proton,0.1449366627343167
endosome97F,initOrgProp,area,15393.804002589986,volume,134695.78502266237,xcoor,25.09451385107156,ycoor,2.6640819728965246,
endosome97F,initRabContent,RabC,15393.804002589986
endosome97F,initMembraneContent,membraneMarker,0.0,memC3,27.214955315644602,memS3,0.0,memC2,0.0,memS2,0.0,memC1,0.0,memS1,0.0,memS,0.0
endosome97F,initSolubleContent,solS,29.66319415110911,solubleMarker,0.0,solL,0.0,proton,0.15114464274451045
endosome98n,initOrgProp,area,15393.804002589986,volume,134695.78502266237,xcoor,24.74420112533508,ycoor,2.4314871197178296,
endosome98n,initRabContent,RabC,15393.804002589986
endosome98n,initMembraneContent,membraneMarker,0.0,memC3,27.217889351031758,memS3,0.0,memC2,0.0,memS2,0.0,memC1,0.03410346678458298,memS1,0.0,memS,0.0
endosome98n,initSolubleContent,solS,28.051408130660775,solubleMarker,0.0,solL,0.0,proton,0.14293201328187344
endosome99d,initOrgProp,area,15393.804002589986,volume,134695.78502266237,xcoor,25.403997642437762,ycoor,1.8974950782978657,
endosome99d,initRabContent,RabD,15393.804002589986
endosome99d,initMembraneContent,membraneMarker,0.0,memC3,0.0,memS3,0.0,memC2,0.0,memS2,0.0,memC1,0.03133450571511842,memS1,0.0,memS,0.0
endosome99d,initSolubleContent,solS,28.311086031661944,solubleMarker,0.0,solL,0.0,proton,0.14425516558217844
endosome100e,initOrgProp,area,15393.804002589986,volume,134695.78502266237,xcoor,25.02328753944474,ycoor,2.207572120258208,
endosome100e,initRabContent,RabA,15393.804002589986
endosome100e,initMembraneContent,membraneMarker,0.0,memC3,0.0,memS3,0.0,memC2,0.0,memS2,0.0,memC1,28.462623774658596,memS1,0.0,memS,0.0
endosome100e,initSolubleContent,solS,24.2760692115271,solubleMarker,0.0,solL,0.0,proton,0.12369530366573933
endosome101b,initOrgProp,area,15393.804002589986,volume,134695.78502266237,xcoor,25.210450876342776,ycoor,1.5880735186390795,
endosome101b,initRabContent,RabA,15393.804002589986
endosome101b,initMembraneContent,membraneMarker,0.0,memC3,0.0,memS3,0.0,memC2,0.0,memS2,0.0,memC1,29.208305563488466,memS1,0.0,memS,0.0
endosome101b,initSolubleContent,solS,24.514613268759604,solubleMarker,0.0,solL,0.0,proton,0.12491077143113216
endosome102T,initOrgProp,area,15393.804002589986,volume,134695.78502266237,xcoor,24.776187269704497,ycoor,1.9891872702266824,
endosome102T,initRabContent,RabB,15393.804002589986
endosome102T,initMembraneContent,membraneMarker,0.0,memC3,0.0,memS3,0.0,memC2,32.18468572146139,memS2,0.0,memC1,0.0,memS1,0.0,memS,0.0
endosome102T,initSolubleContent,solS,27.947642441659355,solubleMarker,0.0,solL,0.0,proton,0.14240328977646222
endosome103J,initOrgProp,area,15393.804002589986,volume,134695.78502266237,xcoor,24.89548981365175,ycoor,2.0660691640762336,
endosome103J,initRabContent,RabB,15393.804002589986
endosome103J,initMembraneContent,membraneMarker,0.0,memC3,0.0,memS3,0.0,memC2,32.11838780000289,memS2,0.0,memC1,0.0,memS1,0.0,memS,0.0
endosome103J,initSolubleContent,solS,27.195610734207094,solubleMarker,0.0,solL,0.0,proton,0.13857141775430648
endosome104J,initOrgProp,area,15393.804002589986,volume,134695.78502266237,xcoor,25.0,ycoor,2.681416581352575,
endosome104J,initRabContent,RabB,15393.804002589986
endosome104J,initMembraneContent,membraneMarker,0.0,memC3,0.0,memS3,0.0,memC2,32.22112599525377,memS2,0.0,memC1,0.0,memS1,0.0,memS,0.0
endosome104J,initSolubleContent,solS,24.2760692115271,solubleMarker,0.0,solL,0.0,proton,0.12369530366573933
endosome105d,initOrgProp,area,15393.804002589986,volume,134695.78502266237,xcoor,24.947165240868966,ycoor,2.27683301327046,
endosome105d,initRabContent,RabD,15393.804002589986
endosome105d,initMembraneContent,membraneMarker,0.0,memC3,0.0,memS3,0.0,memC2,0.0,memS2,0.0,memC1,0.030042751339020235,memS1,0.0,memS,0.0
endosome105d,initSolubleContent,solS,28.44483461824848,solubleMarker,0.0,solL,0.0,proton,0.14493666273431316
endosome106e,initOrgProp,area,15393.804002589986,volume,134695.78502266237,xcoor,25.0,ycoor,2.801097167207035,
endosome106e,initRabContent,RabD,15393.804002589986
endosome106e,initMembraneContent,membraneMarker,0.0,memC3,0.0,memS3,0.0,memC2,0.0,memS2,0.0,memC1,0.016432667603866524,memS1,0.0,memS,0.0
endosome106e,initSolubleContent,solS,28.484345714002757,solubleMarker,0.0,solL,0.0,proton,0.1451379859775841
endosome107Z,initOrgProp,area,15393.804002589986,volume,134695.78502266237,xcoor,24.8207230790201,ycoor,2.0368225179805464,
endosome107Z,initRabContent,RabB,15393.804002589986
endosome107Z,initMembraneContent,membraneMarker,0.0,memC3,0.0,memS3,0.0,memC2,32.11838780000289,memS2,0.0,memC1,0.0,memS1,0.0,memS,0.0
endosome107Z,initSolubleContent,solS,27.195610734207094,solubleMarker,0.0,solL,0.0,proton,0.13857141775430648
endosome108E,initOrgProp,area,15393.804002589986,volume,134695.78502266237,xcoor,25.0,ycoor,2.133064296227344,
endosome108E,initRabContent,RabA,15393.804002589986
endosome108E,initMembraneContent,membraneMarker,0.0,memC3,0.0,memS3,0.0,memC2,0.0,memS2,0.0,memC1,28.462623774658823,memS1,0.0,memS,0.0
endosome108E,initSolubleContent,solS,24.2760692115271,solubleMarker,0.0,solL,0.0,proton,0.12369530366573933
endosome109v,initOrgProp,area,15393.804002589986,volume,134695.78502266237,xcoor,24.988768449769978,ycoor,1.6719297936497335,
endosome109v,initRabContent,RabA,15393.804002589986
endosome109v,initMembraneContent,membraneMarker,0.0,memC3,0.0,memS3,0.0,memC2,0.0,memS2,0.0,memC1,29.208305563488466,memS1,0.0,memS,0.0
endosome109v,initSolubleContent,solS,24.514613268759604,solubleMarker,0.0,solL,0.0,proton,0.12491077143113216
endosome110j,initOrgProp,area,15393.804002589986,volume,134695.78502266237,xcoor,25.0,ycoor,2.5430207383784467,
endosome110j,initRabContent,RabC,15393.804002589986
endosome110j,initMembraneContent,membraneMarker,0.0,memC3,27.214955315644602,memS3,0.0,memC2,0.0,memS2,0.0,memC1,0.0,memS1,0.0,memS,0.0
endosome110j,initSolubleContent,solS,29.663194151109565,solubleMarker,0.0,solL,0.0,proton,0.15114464274451223
endosome111R,initOrgProp,area,15393.804002589986,volume,134695.78502266237,xcoor,25.041326266002052,ycoor,2.487770498344948,
endosome111R,initRabContent,RabC,15393.804002589986
endosome111R,initMembraneContent,membraneMarker,0.0,memC3,27.215600865721854,memS3,0.0,memC2,0.0,memS2,0.0,memC1,0.0,memS1,0.0,memS,0.0
endosome111R,initSolubleContent,solS,31.96121624410671,solubleMarker,0.0,solL,0.0,proton,0.16285389180567655
endosome112D,initOrgProp,area,15393.804002589986,volume,134695.78502266237,xcoor,25.0,ycoor,2.9228913645324184,
endosome112D,initRabContent,RabA,15393.804002589986
endosome112D,initMembraneContent,membraneMarker,0.0,memC3,0.0,memS3,0.0,memC2,0.0,memS2,0.0,memC1,29.208305563488466,memS1,0.0,memS,0.0
endosome112D,initSolubleContent,solS,24.514613268759604,solubleMarker,0.0,solL,0.0,proton,0.12491077143113216
endosome113H,initOrgProp,area,15393.804002589986,volume,134695.78502266237,xcoor,25.0,ycoor,2.466882439258132,
endosome113H,initRabContent,RabD,15393.804002589986
endosome113H,initMembraneContent,membraneMarker,0.0,memC3,0.0,memS3,0.0,memC2,0.0,memS2,0.0,memC1,0.03133450571511842,memS1,0.0,memS,0.0
endosome113H,initSolubleContent,solS,28.3110860316624,solubleMarker,0.0,solL,0.0,proton,0.144255165582182
endosome114F,initOrgProp,area,15393.804002589986,volume,134695.78502266237,xcoor,24.985872740985005,ycoor,2.188640374182233,
endosome114F,initRabContent,RabB,15393.804002589986
endosome114F,initMembraneContent,membraneMarker,0.0,memC3,0.0,memS3,0.0,memC2,32.11838780000289,memS2,0.0,memC1,0.0,memS1,0.0,memS,0.0
endosome114F,initSolubleContent,solS,27.19561073420755,solubleMarker,0.0,solL,0.0,proton,0.13857141775431003
endosome115I,initOrgProp,area,69788.78013481376,volume,577421.2918599471,xcoor,25.0,ycoor,1.7966550511982853,
endosome115I,initRabContent,RabC,69788.78013481376
endosome115I,initMembraneContent,membraneMarker,0.0,memC3,123.40351530946677,memS3,0.0,memC2,0.0,memS2,0.0,memC1,0.13620070565345532,memS1,0.0,memS,0.0
endosome115I,initSolubleContent,solS,128.95644954360205,solubleMarker,0.0,solL,0.0,proton,0.6570794903804789
endosome116X,initOrgProp,area,15393.804002589986,volume,134695.78502266237,xcoor,25.0,ycoor,2.2855399484777204,
endosome116X,initRabContent,RabD,15393.804002589986
endosome116X,initMembraneContent,membraneMarker,0.0,memC3,0.0,memS3,0.0,memC2,0.0,memS2,0.0,memC1,0.03133450571511842,memS1,0.0,memS,0.0
endosome116X,initSolubleContent,solS,28.311086031661944,solubleMarker,0.0,solL,0.0,proton,0.1442551655821802
endosome117v,initOrgProp,area,15393.804002589986,volume,134695.78502266237,xcoor,25.0,ycoor,2.442861779082031,
endosome117v,initRabContent,RabC,15393.804002589986
endosome117v,initMembraneContent,membraneMarker,0.0,memC3,27.214955315644602,memS3,0.0,memC2,0.0,memS2,0.0,memC1,0.0,memS1,0.0,memS,0.0
endosome117v,initSolubleContent,solS,29.66319415111002,solubleMarker,0.0,solL,0.0,proton,0.15114464274451045
endosome118O,initOrgProp,area,15393.804002589986,volume,134695.78502266237,xcoor,24.954104103965722,ycoor,1.5398315248374272,
endosome118O,initRabContent,RabA,15393.804002589986
endosome118O,initMembraneContent,membraneMarker,0.0,memC3,0.0,memS3,0.0,memC2,0.0,memS2,0.0,memC1,32.10242674629217,memS1,0.0,memS,0.0
endosome118O,initSolubleContent,solS,27.076179502188552,solubleMarker,0.0,solL,0.0,proton,0.13796287267301643
endosome119j,initOrgProp,area,15393.804002589986,volume,134695.78502266237,xcoor,25.0,ycoor,2.132440477409465,
endosome119j,initRabContent,RabB,15393.804002589986
endosome119j,initMembraneContent,membraneMarker,0.0,memC3,0.0,memS3,0.0,memC2,32.11838780000289,memS2,0.0,memC1,0.0,memS1,0.0,memS,0.0
endosome119j,initSolubleContent,solS,27.19561073420755,solubleMarker,0.0,solL,0.0,proton,0.13857141775431003
endosome120J,initOrgProp,area,15393.804002589986,volume,134695.78502266237,xcoor,25.027055677591342,ycoor,2.6776380018754393,
endosome120J,initRabContent,RabC,15393.804002589986
endosome120J,initMembraneContent,membraneMarker,0.0,memC3,27.21560086572231,memS3,0.0,memC2,0.0,memS2,0.0,memC1,0.0,memS1,0.0,memS,0.0
endosome120J,initSolubleContent,solS,31.96121624410671,solubleMarker,0.0,solL,0.0,proton,0.16285389180567655
endosome121k,initOrgProp,area,15393.804002589986,volume,134695.78502266237,xcoor,24.889873192078696,ycoor,2.5220019960328135,
endosome121k,initRabContent,RabD,15393.804002589986
endosome121k,initMembraneContent,membraneMarker,0.0,memC3,0.0,memS3,0.0,memC2,0.0,memS2,0.0,memC1,0.03004275133901979,memS1,0.0,memS,0.0
endosome121k,initSolubleContent,solS,28.44483461824848,solubleMarker,0.0,solL,0.0,proton,0.14493666273431316
endosome122f,initOrgProp,area,15393.804002589986,volume,134695.78502266237,xcoor,24.877004792636214,ycoor,1.8393868502985722,
endosome122f,initRabContent,RabA,15393.804002589986
endosome122f,initMembraneContent,membraneMarker,0.0,memC3,0.0,memS3,0.0,memC2,0.0,memS2,0.0,memC1,32.10242674629217,memS1,0.0,memS,0.0
endosome122f,initSolubleContent,solS,27.076179502188552,solubleMarker,0.0,solL,0.0,proton,0.13796287267301643
endosome123s,initOrgProp,area,15393.804002589986,volume,134695.78502266237,xcoor,25.0,ycoor,2.6144899587475052,
endosome123s,initRabContent,RabD,15393.804002589986
endosome123s,initMembraneContent,membraneMarker,0.0,memC3,0.0,memS3,0.0,memC2,0.0,memS2,0.0,memC1,0.03004275133901979,memS1,0.0,memS,0.0
endosome123s,initSolubleContent,solS,28.444834618248933,solubleMarker,0.0,solL,0.0,proton,0.14493666273431494
endosome124C,initOrgProp,area,15393.804002589986,volume,134695.78502266237,xcoor,24.862192419593978,ycoor,2.138577948074164,
endosome124C,initRabContent,RabE,15393.804002589986
endosome124C,initMembraneContent,membraneMarker,0.0,memC3,0.0,memS3,0.0,memC2,0.0,memS2,0.0,memC1,0.0164792690396669,memS1,0.0,memS,0.0
endosome124C,initSolubleContent,solS,8.77303633156032,solubleMarker,0.0,solL,0.0,proton,0.04470177538411502
endosome125e,initOrgProp,area,15393.804002589986,volume,134695.78502266237,xcoor,25.225595998291062,ycoor,2.5527499935182973,
endosome125e,initRabContent,RabC,15393.804002589986
endosome125e,initMembraneContent,membraneMarker,0.0,memC3,27.072206922793526,memS3,0.0,memC2,0.0,memS2,0.0,memC1,0.0165262936058701,memS1,0.0,memS,0.0
endosome125e,initSolubleContent,solS,15.17639338574918,solubleMarker,0.0,solL,0.0,proton,0.07732918258074406
endosome126p,initOrgProp,area,15393.804002589986,volume,134695.78502266237,xcoor,25.27461489077492,ycoor,2.0848373238982485,
endosome126p,initRabContent,RabA,15393.804002589986
endosome126p,initMembraneContent,membraneMarker,0.0,memC3,0.0,memS3,0.0,memC2,0.0,memS2,0.0,memC1,32.10242674629171,memS1,0.0,memS,0.0
endosome126p,initSolubleContent,solS,27.076179502189007,solubleMarker,0.0,solL,0.0,proton,0.13796287267302
endosome127u,initOrgProp,area,15393.804002589986,volume,134695.78502266237,xcoor,25.0,ycoor,1.6871135377134896,
endosome127u,initRabContent,RabB,15393.804002589986
endosome127u,initMembraneContent,membraneMarker,0.0,memC3,0.0,memS3,0.0,memC2,32.18468572146139,memS2,0.0,memC1,0.0,memS1,0.0,memS,0.0
endosome127u,initSolubleContent,solS,27.947642441659355,solubleMarker,0.0,solL,0.0,proton,0.14240328977646222
endosome128S,initOrgProp,area,15393.804002589986,volume,134695.78502266237,xcoor,25.0,ycoor,2.6983943994720665,
endosome128S,initRabContent,RabB,15393.804002589986
endosome128S,initMembraneContent,membraneMarker,0.0,memC3,0.0,memS3,0.0,memC2,32.11838780000289,memS2,0.0,memC1,0.0,memS1,0.0,memS,0.0
endosome128S,initSolubleContent,solS,27.19561073420755,solubleMarker,0.0,solL,0.0,proton,0.13857141775431003
endosome129T,initOrgProp,area,15393.804002589986,volume,134695.78502266237,xcoor,25.0,ycoor,2.8894075280892855,
endosome129T,initRabContent,RabA,15393.804002589986
endosome129T,initMembraneContent,membraneMarker,0.0,memC3,0.0,memS3,0.0,memC2,0.0,memS2,0.0,memC1,32.10242674629171,memS1,0.0,memS,0.0
endosome129T,initSolubleContent,solS,27.076179502188552,solubleMarker,0.0,solL,0.0,proton,0.1379628726730182
endosome130q,initOrgProp,area,15393.804002589986,volume,134695.78502266237,xcoor,25.0,ycoor,2.4820722655928558,
endosome130q,initRabContent,RabC,15393.804002589986
endosome130q,initMembraneContent,membraneMarker,0.0,memC3,27.072206922793505,memS3,0.0,memC2,0.0,memS2,0.0,memC1,0.0165262936058701,memS1,0.0,memS,0.0
endosome130q,initSolubleContent,solS,15.17639338574918,solubleMarker,0.0,solL,0.0,proton,0.07732918258074406
endosome131R,initOrgProp,area,15393.804002589986,volume,134695.78502266237,xcoor,24.741907576853063,ycoor,2.533089467377647,
endosome131R,initRabContent,RabD,15393.804002589986
endosome131R,initMembraneContent,membraneMarker,0.0,memC3,0.0,memS3,0.0,memC2,0.0,memS2,0.0,memC1,0.03133450571511842,memS1,0.0,memS,0.0
endosome131R,initSolubleContent,solS,28.311086031661944,solubleMarker,0.0,solL,0.0,proton,0.1442551655821802
endosome132q,initOrgProp,area,15393.804002589986,volume,134695.78502266237,xcoor,25.0,ycoor,2.526745122686992,
endosome132q,initRabContent,RabD,15393.804002589986
endosome132q,initMembraneContent,membraneMarker,0.0,memC3,0.0,memS3,0.0,memC2,0.0,memS2,0.0,memC1,0.034103466784583425,memS1,0.0,memS,0.0
endosome132q,initSolubleContent,solS,28.051408130660548,solubleMarker,0.0,solL,0.0,proton,0.14293201328187344
endosome133A,initOrgProp,area,15393.804002589986,volume,134695.78502266237,xcoor,25.0,ycoor,2.9862766284804914,
endosome133A,initRabContent,RabD,15393.804002589986
endosome133A,initMembraneContent,membraneMarker,0.0,memC3,0.0,memS3,0.0,memC2,0.0,memS2,0.0,memC1,0.03004275133901979,memS1,0.0,memS,0.0
endosome133A,initSolubleContent,solS,28.44483461824848,solubleMarker,0.0,solL,0.0,proton,0.14493666273431316
endosome134i,initOrgProp,area,15393.804002589986,volume,134695.78502266237,xcoor,25.0,ycoor,2.9347213561201526,
endosome134i,initRabContent,RabD,15393.804002589986
endosome134i,initMembraneContent,membraneMarker,0.0,memC3,0.0,memS3,0.0,memC2,0.0,memS2,0.0,memC1,0.030042751339020235,memS1,0.0,memS,0.0
endosome134i,initSolubleContent,solS,28.44483461824848,solubleMarker,0.0,solL,0.0,proton,0.14493666273431494
endosome135Y,initOrgProp,area,15393.804002589986,volume,134695.78502266237,xcoor,25.0,ycoor,2.0884372297658924,
endosome135Y,initRabContent,RabB,15393.804002589986
endosome135Y,initMembraneContent,membraneMarker,0.0,memC3,0.0,memS3,0.0,memC2,32.11838780000289,memS2,0.0,memC1,0.0,memS1,0.0,memS,0.0
endosome135Y,initSolubleContent,solS,27.195610734207094,solubleMarker,0.0,solL,0.0,proton,0.13857141775430293
endosome136y,initOrgProp,area,15393.804002589986,volume,134695.78502266237,xcoor,25.0,ycoor,2.5358109695381454,
endosome136y,initRabContent,RabC,15393.804002589986
endosome136y,initMembraneContent,membraneMarker,0.0,memC3,27.214955315644602,memS3,0.0,memC2,0.0,memS2,0.0,memC1,0.0,memS1,0.0,memS,0.0
endosome136y,initSolubleContent,solS,29.66319415110911,solubleMarker,0.0,solL,0.0,proton,0.15114464274451045
endosome137K,initOrgProp,area,15393.804002589986,volume,134695.78502266237,xcoor,25.0,ycoor,2.9878462007331823,
endosome137K,initRabContent,RabA,15393.804002589986
endosome137K,initMembraneContent,membraneMarker,0.0,memC3,0.0,memS3,0.0,memC2,0.0,memS2,0.0,memC1,29.208305563488466,memS1,0.0,memS,0.0
endosome137K,initSolubleContent,solS,24.514613268759376,solubleMarker,0.0,solL,0.0,proton,0.12491077143113039
endosome138T,initOrgProp,area,649301.0579613276,volume,6101417.243721446,xcoor,25.0,ycoor,4.454373387196075,
endosome138T,initRabContent,RabD,649301.0579613276
endosome138T,initMembraneContent,membraneMarker,0.0,memC3,0.0,memS3,0.0,memC2,0.0,memS2,0.0,memC1,0.6970687635535509,memS1,0.0,memS,0.0
endosome138T,initSolubleContent,solS,640.1308136537484,solubleMarker,0.0,solL,0.0,proton,3.2616967224289883
endosome139E,initOrgProp,area,15393.804002589986,volume,134695.78502266237,xcoor,25.0,ycoor,2.793801618044587,
endosome139E,initRabContent,RabB,15393.804002589986
endosome139E,initMembraneContent,membraneMarker,0.0,memC3,0.0,memS3,0.0,memC2,32.18468572146139,memS2,0.0,memC1,0.0,memS1,0.0,memS,0.0
endosome139E,initSolubleContent,solS,27.947642441659355,solubleMarker,0.0,solL,0.0,proton,0.14240328977646222
endosome140k,initOrgProp,area,15393.804002589986,volume,134695.78502266237,xcoor,25.0,ycoor,2.1271845630083863,
endosome140k,initRabContent,RabB,15393.804002589986
endosome140k,initMembraneContent,membraneMarker,0.0,memC3,0.0,memS3,0.0,memC2,32.11838780000289,memS2,0.0,memC1,0.0,memS1,0.0,memS,0.0
endosome140k,initSolubleContent,solS,27.19561073420755,solubleMarker,0.0,solL,0.0,proton,0.13857141775431003
endosome141L,initOrgProp,area,15393.804002589986,volume,134695.78502266237,xcoor,25.0,ycoor,1.533727011846055,
endosome141L,initRabContent,RabC,15393.804002589986
endosome141L,initMembraneContent,membraneMarker,0.0,memC3,27.217889351031722,memS3,0.0,memC2,0.0,memS2,0.0,memC1,0.034103466784583425,memS1,0.0,memS,0.0
endosome141L,initSolubleContent,solS,28.051408130660548,solubleMarker,0.0,solL,0.0,proton,0.14293201328187166
endosome142g,initOrgProp,area,15393.804002589986,volume,134695.78502266237,xcoor,25.0,ycoor,2.1085663013955145,
endosome142g,initRabContent,RabC,15393.804002589986
endosome142g,initMembraneContent,membraneMarker,0.0,memC3,27.21560086572231,memS3,0.0,memC2,0.0,memS2,0.0,memC1,0.0,memS1,0.0,memS,0.0
endosome142g,initSolubleContent,solS,31.96121624410671,solubleMarker,0.0,solL,0.0,proton,0.16285389180567478
endosome143r,initOrgProp,area,15393.804002589986,volume,134695.78502266237,xcoor,25.0,ycoor,2.857247248772282,
endosome143r,initRabContent,RabC,15393.804002589986
endosome143r,initMembraneContent,membraneMarker,0.0,memC3,27.214955315644602,memS3,0.0,memC2,0.0,memS2,0.0,memC1,0.0,memS1,0.0,memS,0.0
endosome143r,initSolubleContent,solS,29.663194151109565,solubleMarker,0.0,solL,0.0,proton,0.15114464274451223
endosome144d,initOrgProp,area,15393.804002589986,volume,134695.78502266237,xcoor,25.0,ycoor,2.861319315752979,
endosome144d,initRabContent,RabA,15393.804002589986
endosome144d,initMembraneContent,membraneMarker,0.0,memC3,0.0,memS3,0.0,memC2,0.0,memS2,0.0,memC1,29.20830556348892,memS1,0.0,memS,0.0
endosome144d,initSolubleContent,solS,24.51461326875983,solubleMarker,0.0,solL,0.0,proton,0.12491077143113039
endosome145z,initOrgProp,area,15393.804002589986,volume,134695.78502266237,xcoor,25.0,ycoor,1.6984839669317155,
endosome145z,initRabContent,RabA,15393.804002589986
endosome145z,initMembraneContent,membraneMarker,0.0,memC3,0.0,memS3,0.0,memC2,0.0,memS2,0.0,memC1,28.462623774658823,memS1,0.0,memS,0.0
endosome145z,initSolubleContent,solS,24.276069211526874,solubleMarker,0.0,solL,0.0,proton,0.12369530366573755
endosome146B,initOrgProp,area,15393.804002589986,volume,134695.78502266237,xcoor,0.0,ycoor,0.0,
endosome146B,initRabContent,RabC,15393.804002589986
endosome146B,initMembraneContent,membraneMarker,0.0,memC3,27.214955315644602,memS3,0.0,memC2,0.0,memS2,0.0,memC1,0.0,memS1,0.0,memS,0.0
endosome146B,initSolubleContent,solS,29.663194151109565,solubleMarker,0.0,solL,0.0,proton,0.15114464274451223
endosome147m,initOrgProp,area,15393.804002589986,volume,134695.78502266237,xcoor,0.0,ycoor,0.0,
endosome147m,initRabContent,RabD,15393.804002589986
endosome147m,initMembraneContent,membraneMarker,0.0,memC3,0.0,memS3,0.0,memC2,0.0,memS2,0.0,memC1,0.034103466784583425,memS1,0.0,memS,0.0
endosome147m,initSolubleContent,solS,28.051408130660775,solubleMarker,0.0,solL,0.0,proton,0.14293201328187344
endosome148d,initOrgProp,area,15393.804002589986,volume,134695.78502266237,xcoor,0.0,ycoor,0.0,
endosome148d,initRabContent,RabA,15393.804002589986
endosome148d,initMembraneContent,membraneMarker,0.0,memC3,0.0,memS3,0.0,memC2,0.0,memS2,0.0,memC1,32.10242674629217,memS1,0.0,memS,0.0
endosome148d,initSolubleContent,solS,27.076179502189007,solubleMarker,0.0,solL,0.0,proton,0.13796287267302